,제목,링크,내용
0,게임축제 '지스타' 개막…NC·넷마블·웹젠 등 신작 공개,https://n.news.naver.com/mnews/article/011/0004555237,"44개국 1273개 기업 참여세가·워호스·블리자드도 전시메인 콘퍼런스 G-CON서호리이 유지·변성현 감독 등 강연도국내 최대 게임전시회인 '지스타 2025' 개막을 하루 앞둔 12일 오후 부산 해운대구 벡스코 광장에 설치된 지스타 조형물을 한 시민이 휴대폰으로 사진을 찍고 있다. 뉴스1[서울경제] 국내 최대 게임 전시회 지스타(G-STAR)가 개막한다. 엔씨소프트(036570), 넷마블(251270), 웹젠(069080) 등 국내 대표 게임사와 반다이남코 엔터테인먼트, 세가·아틀러스, 워호스 스튜디오, 블리자드, 유니티 등 글로벌 기업도 참여해 팬들과 만난다.13일 지스타 조직위원회에 따르면 지스타 2025는 이날부터 나흘간 부산 벡스코(BEXCO)에서 열린다. 이번 행사에는 44개국 1273개 사가 참여했다. 부스는 총 3269개가 마련됐다. ‘시야를 확장하라’(Expand your Horizons)라는 슬로건을 내건 올해 행사는 게임전시회, 비즈니스 상담, 콘퍼런스, e스포츠 행사 등으로 구성됐다.메인 스폰서인 엔씨소프트를 비롯해 그라비티, 넷마블, 웹젠 등 국내 주요 게임사는 메인 전시홀인 제1전시장 기업-소비자 거래(B2C)관에서 신작 정보를 공개한다. 올해 지스타에 최초로 메인 스폰서로 참가한 엔씨소프트는 이달 19일 출시를 앞둔 다중접속역할수행게임(MMORPG) ‘아이온2’를 선보인다. 자회사 빅파이어 게임즈가 개발 중인 오픈월드 슈팅 게임 ‘신더시티’를 비롯해 퍼블리싱 작품으로 미스틸게임즈의 타임테이커즈, 빅게임스튜디오의 ‘리밋 제로 브레이커스’를 공개한다. 엔씨소프트는 올해 지스타에서 글로벌 대형 지식재산권(IP) 기반 미공개 신작 다중접속역할수행게임(MMORPG) 정보도 새롭게 공개하기로 했다. 박병무 엔씨소프트 공동대표는 11일 2025년 3분기 실적발표 콘퍼런스콜에서 이 작품에 대해 “어느 정도 개발이 되어 (출시 시기를) 내년이나 내후년 초 정도를 보고 있는데 다들 시연에서 기립박수를 쳤다”며 자신감을 드러냈다.넷마블은 △프로젝트 이블베인 △나 혼자만 레벨업: 카르마 △일곱 개의 대죄: 오리진 △몬길: 스타 다이브 등 4종의 신작을 선보인다. 이 중 협동 액션 게임 ‘프로젝트 이블베인’과 로그라이크(판마다 구성이 바뀌는 장르) 게임 ‘나 혼자만 레벨업: 카르마’는 올해 지스타에서 세계 최초로 일반에 공개된다. 넷마블은 이와 더불어 미공개 신작인 ‘쏠: 인챈트’(SOL: enchant) 야외 부스도 지스타 현장에서 운영한다.웹젠은 지스타에 국내 게임 개발사 리트레일이 개발 중인 서브컬처 신작 ‘게이트 오브 게이츠’를 출품한다. 대표작 ‘뮤’(MU) IP 기반의 자체 개발 신작 ‘프로젝트 G’(가제)의 시네마틱 영상도 이번 지스타에서 최초 공개한다. 그라비티도 올해 지스타에 부스를 내고 '라그나로크 온라인 프로젝트 1.5(가칭)'를 비롯해 ‘라그나로크3’, ‘라그나로크 어비스’ 등 총 18종의 타이틀 시연 공간을 마련했다. 데브시스터즈는 구글플레이 부스 전시에 참가해 ‘쿠키런: 오븐스매시’를 선보인다. 인디 게임 생태계에 적극 투자해온 네오위즈는 원더포션의 ‘산나비’ 후속작 ‘산나비 외전: 귀신 씌인 날’을 공개한다.글로벌 게임사도 대거 참가한다. 지스타 제2전시장에는 △워호스 스튜디오 △세가·아틀러스 △반다이남코 엔터테인먼트 △유니티 △블리자드 엔터테인먼트 등 해외 게임 개발사와 유통사가 부스를 내고 기존 작품 팬들을 위한 전시와 현장 이벤트를 선보인다. 휴대용 게이밍 PC '스팀덱' 개발사인 밸브도 작년에 이어 유통사 코모도를 통해 '인디 쇼케이스 2.0: 갤럭시'에 참가한다.지스타의 메인 콘퍼런스인 G-CON은 ‘내러티브’를 키워드로 잡고 게임뿐 아니라 영화, 만화 등 다양한 대중문화 콘텐츠의 스토리텔링에 대해 탐구한다. 일본 대형 게임사 스퀘어 대표작 '드래곤 퀘스트' 시리즈를 만든 게임 디자이너 호리이 유지(堀井雄二)를 필두로 '니어: 오토마타' 디렉터 요코 타로(橫尾太郞), 영화 ‘굿뉴스’를 만든 변성현 감독까지 게임업계 유명 인사가 총출동한다.인디게임 개발자 축제인 '지스타 인디 쇼케이스 2.0:갤럭시'는 400 부스 규모로 열린다. 스팀덱과 유니티, 디스코드 등이 함께한다. 이 행사에는 20개국 80개 사가 참여한다.BTB 전시장에는 넥써쓰, 삼성전자, 스마일게이트, 텐센트코리아 등이 부스를 내고 현장을 찾은 국내외 업계 관계자를 만난다.공식 e스포츠 대회 ‘지스타컵 2025’는 오버워치2를 종목으로 채택했다. 이는 ‘엘리트’와 ‘학생’ 부문으로 나뉜다. 경기는 부산e스포츠경기장과 부산 벡스코 지스타 메인 무대에서 열린다.지스타 조직위는 전날 웹툰 작가 문정후와 제작한 키 비주얼을 공개했다. ‘가상의 세계가 현실로 확장되는 순간’을 시각화해 이용자가 주인공이 되는 경험을 상징한다."
1,"""인앱결제 수수료 15%로 인하""…애플 '미니 앱스 파트너' 도입",https://n.news.naver.com/mnews/article/421/0008603737,"앱 설치 필요없는 '미니앱' 개발자 대상 신규 프로그램애플 앱 스토어 맞춤형 기술 요건 충족시 수수료 인하애플 로고, FILE PHOTO: Illustration shows Apple logo ⓒ 로이터=뉴스1(서울=뉴스1) 김민석 기자 = 애플(Apple)이 미니 앱(Mini Apps)과 미니 게임을 제공하는 개발자를 지원하기 위해 새로운 '미니 앱스 파트너 프로그램'(Mini Apps Partner Program)을 도입했다고 14일 밝혔다. 이 프로그램은 앱 스토어(App Store) 내 미니 앱을 호스팅하는 개발자가 전 연령층 이용자에게 안전하고 일관된 경험을 제공할 수 있도록 설계됐다.애플 관계자는 ""이번 프로그램을 통해 웹 기반의 미니 앱 생태계를 본격적으로 확대하겠다""며 ""미니 앱은 HTML5와 JavaScript와 같은 웹 기술로 구현되는 독립적인 서비스 형태""라고 말했다.이어 ""미니 앱은 별도의 설치 과정 없이 즉시 실행된다""며 ""이용자는 앱 내에서 가벼운 게임, 쇼핑, 멤버십 관리 등 다양한 기능을 신속하게 이용할 수 있다""고 설명했다.프로그램 참여 개발자는 자격 요건 충족 시 앱 내 유료 결제 수수료율을 기존보다 낮은 15%로 적용받는다.애플은 인센티브 프로그램을 통해 미니 앱을 활용하는 비즈니스 모델을 장려하고 애플 스토어 내 새로운 상거래 형태를 키워나간다는 방침이다.다만 15% 수수료율을 적용받으려면 애플 API 맞춤형 특정 기술 요건을 충족해야 한다. 참여 앱은 'Declared Age Range API'(연령대에 따라 적절한 경험을 제공하도록 설계)와 'Advanced Commerce API'(구입·결제 관리 및 앱 스토어 비즈니스 고도화 여부)를 지원해야 한다.애플 관계자는 ""새로운 프로그램을 통해 더 많은 개발자가 앱 스토어에서 혁신적인 웹 기반 경험을 제공할 수 있도록 지원하겠다""고 했다.<용어설명>■ APIAPI는 응용프로그램 인터페이스(Application Programming Interface)로 하나의 소프트웨어 컴포넌트가 다른 소프트웨어 컴포넌트와 상호작용할 수 있도록 설계된 인터페이스다. 즉, 소프트웨어끼리 서로 정보를 주고받고 기능을 사용하게 해주는 중간다리다."
2,"장현국 ""내년에는 플랫폼 고도화·양질 게임 확보에 집중""",https://n.news.naver.com/mnews/article/421/0008603056,"13일 부산 벡스코 제1전시장에서 지스타 기자 간담회 개최""웹3 메신저와 웹3 브라우저 등 사업들로도 확장할 예정""장현국 넥써쓰 대표가 부산 벡스코 제1전시장에서 열린 지스타 미디어 간담회에서 발언하고 있다.2025.11.13/뉴스1 ⓒ News1 김민재 기자(부산=뉴스1) 김민재 기자 = 장현국 넥써쓰(205500) 대표가 2026년에는 플랫폼 고도화와 양질의 게임을 확보하는 데에 집중하겠다고 했다.장현국 대표는 13일 부산 벡스코 제1전시장에서 기자간담회를 열고 이렇게 말했다.장 대표는 ""30년 가까이 게임을 했듯, 앞으로의 50년은 블록체인이 게임을 만나서 어떻게 변모하는지를 입증하는 삶을 살아야겠다고 생각했다""고 말했다.이어 ""앞으로는 플랫폼을 고도화하고, 로한2보다 더 나은 성과를 거둘 게임을 확보하는 게 저희가 해야 할 일""이라고 덧붙였다.장 대표는 ""특히 개발사와 이용자들이 모든 서비스를 인공지능(AI) 서비스 '아라'로 관리할 수 있도록 플랫폼을 고도화하고자 한다""고 말했다.블록체인 게임 플랫폼 크로쓰(CROSS)의 AI 에이전트 '아라'는 크로쓰x 애플리케이션(앱) 관련 질문과 플랫폼에 온보딩한 게임 정보를 제공한다.향후 업데이트를 거쳐 보유 자산의 구성과 변동을 분석하고, 포트폴리오를 관리하는 기능도 더할 예정이다.로한2 글로벌(넥써쓰 제공. 재판매 및 DB금지)/뉴스1로한2에 이어 주목할 만한 게임이 있냐는 질문에는 다중접속역할수행게임(MMORPG) 5종 이상을 확보했다고 답했다.장 대표는 ""기대할 만한 게임들을 계약했거나 계약 마지막 단계를 앞두고 있다. 로한2보다 나은 성과를 낼 거라고 기대되는 MMORPG 5종 이상을 준비하고 있다""고 설명했다.장 대표는 내년에 웹3 브라우저와 웹3 메신저 분야로도 사업을 확장할 계획이다. 그는 ""웹3의 가장 큰 걸림돌이 지갑을 설치하고 복잡한 주소로 전송하는 등의 사용자 경험(UX)""이라고 말했다.이어 ""카카오톡이 인터넷 뱅킹의 벽을 허물었듯, 웹3 사용자 경험을 개선하는 방법도 메신저""라며 ""웹3 브라우저나 웹3 메신저 사업으로 생태계를 확장하고자 한다""고 했다.야노 케이치치 엔티엔트(ENTIENT) 대표가 부산 벡스코 제1전시장에서 열린 넥써스 미디어 간담회에서 발언하고 있다. 넥써쓰는 최근 엔티엔트에 전략적 투자를 단행했다.2025.11.13/뉴스1 ⓒ News1 김민재 기자이날 간담회에는 넥써쓰가 최근 투자한 일본 리듬 게임 전문 개발사 '엔티엔트'(ENTIENT)의 창업주 야노 케이치치도 동석했다.야노 케이치치는 누적 판매량 530만 장을 기록한 닌텐도 '응원단' 시리즈와 엑스박스(Xbox) 'Lips' 시리즈의 감독이다. 최근 토큰 발행 재단 VAi를 설립하고 AI 기술을 접목한 블록체인 게임 개발에 착수했다.넥써쓰는 최근 엔티엔트의 리듬 게임 '샤우트!'(SHOUT!)를 '크로쓰'(CROSS)에 온보딩했다.야노 케이치치 대표는 ""장현국 대표가 게임업계 경험이 풍부한데, 블록체인 업계에 게임 경험이 많은 사람이 부족한 상황이라 (넥써쓰와의 협업을) 택했다""고 말했다.넥써쓰는 이번 지스타 BTB(기업 간 거래) 관에 부스를 열고 국내외 파트너사들과 사업 협력과 투자를 논한다.특히 중국과 두바이 복합상품센터(DMCC) 등 주요 해외 협력사들과 비즈니스 미팅에서는 중동과 아시아 지역 네트워크 확대 방안을 논의할 계획이다."
3,"SKT, 2026년 조직 개편 시행…MNO·AI 양대 CIC 체제 도입",https://n.news.naver.com/mnews/article/243/0000087992,"MNO CIC는 고객 신뢰회복 최우선 과제로 관련 기능과 역량 결집에 초점AI CIC는 실질적 사업 성과 창출 위한 핵심사업과 기술 중심으로 정예화“MNO와 AI 각 사업특성에 따른 최적의 업무 방식과 의사결정 체계 갖출 것”SKT 사옥 모습 [사진 SKT][이코노미스트 원태영 기자]SK텔레콤이 고객 신뢰 회복과 AI사업의 실질적 성과 창출을 위해 ‘MNO(통신)’와 ‘AI’ 양대 CIC(사내회사) 체제를 중심으로 조직개편 및 임원 인사를 13일 단행했다.SKT 정재헌 CEO는 “CIC 체제는 MNO와 AI 각 사업 특성에 맞춘 최적화된 업무 방식과 의사결정 체계를 갖추기 위한 선택”이라며, “이를 바탕으로 MNO 사업의 고객 신뢰 회복과 AI 사업의 실질적 성과 창출을 이뤄내겠다” 밝혔다.MNO CIC(한명진 CIC장)는 고객 신뢰 회복을 최우선 과제로 본원적 경쟁력 강화에 방점을 두고 관련 기능과 역량 통합에 나선다마케팅은 상품/서비스와 영업 중심으로 재편해 통신사업 경쟁력을 높이고, 엔터프라이즈(B2B) 사업은 기술 지원 조직을 전진 배치해 상품과 솔루션 경쟁력 강화를 모색한다. 네트워크는 인프라(Infra) 영역의 AT/DT 실행력을 제고하는 조직으로 구성하는 한편, MNO의 AT/DT를 가속화해 기존 사업과 유기적인 연계성을 꾀하는 등 본원적 경쟁력 강화(O/I)에 박차를 가한다는 방침이다.지난 9월 출범한 AI CIC(정석근, 유경상 CIC장)는 공동 CIC장을 중심으로 실질적 사업 성과를 창출할 수 있도록 핵심 사업과 기술 중심의 역량 결집에 나선다. 특히 AI CIC 내 팀 단위 조직은 수시로 이합집산(離合集散)이 가능한 프로젝트 형태로 구성해 빠른 시장환경 변화에 민첩하게 대응할 수 있는 유연성을 갖출 계획이다.사업 영역은 에이닷 사업을 중심으로 한 B2C AI와 인더스트리얼 AI, 데이터플랫폼, AI 클라우드, 피지컬 AI 등의 사업을 추진하는 B2B AI, 메시징 사업과 인증 및 페이먼트 사업을 담당하는 디지털플랫폼사업, 데이터센터 사업을 총괄하는 AI DC 등으로 재편해 실질적인 AI 사업 성과 창출을 가속화한다.기술 영역은 플랫폼과 서비스 등의 개발을 담당하는 플랫폼과 파운데이션 모델 등을 개발하는 AI 모델을 중심으로 개편해 AI 기술 경쟁력 확보와 실질적인 사업 지원에 나선다.양대 CIC를 지원하는 스태프 조직은 현업을 밀착 지원하는 전문가 조직으로 개편된다.통합보안센터는 조직과 인력을 지속 확충해 보안 역량 강화를 주도하고, CR(대외협력)과 PR 기능을 통합한 Comm센터를 신설한다. 이와 함께 주요 경영진의 의사결정 지원을 강화하기 위해 GC(General Counsel)센터를 신설하고, Corporate센터(CFO)는 기존 CFO 역할에 전략 기능을 통합한다.SKT는 2026년 임원 인사 방향을 책임 경영을 위한 리더십 변화에 초점을 뒀다. 양대 CIC 체제에서 실질적인 사업 성과와 회사의 성장을 모색하기 위해 실행력과 전문성을 두루 갖춘 인재 발탁이라는 기준에 따라 임원을 선임했다는 설명이다.특히 임원의 실질적 책임과 역할 강화를 위해 임원 규모를 강소화(强少化)하고, 향후 경영 환경 및 전략 방향에 따른 수시 인사를 통해 전사적인 조직 유연성도 높인다는 계획이다. 이번 조직 개편과 임원 인사를 통해 SKT는 통신 영역에서의 고객 신뢰 회복과 AI 사업의 실질적 성과 창출을 가속화할 계획이다.신임 임원 (11명)▲김석원 MNO CIC Product&Brand본부 Brand담당▲김우람 Comm센터 대외지원실장▲김태희 Corporate센터(CFO) 주주가치혁신실장▲신상민 Comm센터 정책개발실장▲안홍범 MNO CIC Network센터 Network AT/DT담당▲이정민 서비스탑 대표▲최종복 Comm센터 미디어Comm실장▲최훈원 CSPO 안전보건실장▲김영범 SKB Corporate센터 PR실장▲박상훈 SKB Network센터 Network솔루션담당▲신범식 SKB AT/DT센터 AT/DT개발담당"
4,"'로봇 석학' 권인소 교수, 3호 국가특임연구원으로…""구글·테슬라 인재 데려오겠다""",https://n.news.naver.com/mnews/article/008/0005277931,"AI 컴퓨터비전 석학…내년 1월 KIST AI·로봇연구소 국가특임연구원 부임""구글 딥마인드·테슬라 등 최상위급 제자들 KIST 영입 노력""배경훈 부총리 ""내년 국가과학자 20명·젊은 과학자 200명 선정…과학기술 강국 되겠다""배경훈 부총리 겸 과학기술정보통신부 장관이 13일 오후 서울 성북구 한국과학기술연구원(KIST)에서 열린 '제2차 과학기술 AI 전략대화' 에서 '과학기술 AI 활성화 방안' 을 논의하고 있다. /사진=과학기술정보통신부""(최고급 인재를 한국으로 데려오려면) 과감한 베팅이 필요하다. 파격적인 대우를 해줘야 한다. 우리도 피지컬AI(인공지능)를 시작할 수 있다."" (권인소 KAIST 교수)세계적인 AI 로봇 석학 권인소 KAIST(카이스트) 교수가 내년 1월 KIST(한국과학기술원) 특임연구원으로 부임한다. 이와 함께 테슬라·엔비디아·구글 딥마인드 등 글로벌 빅테크에 근무 중인 최고급 AI(인공지능)·로봇 한국인 인재를 국내로 영입하려 시도 중이다.13일 서울 성북구 KIST 본원에서 열린 과학기술정보통신부(이하 과기정통부) '제2차 과학기술AI 전략대화'에서 권 교수와 오상록 KIST 원장은 이처럼 밝혔다. KIST에 따르면 권 교수는 내년 1월 KIST AI·로봇연구소 국가특임연구원으로 부임한다. 국가특임연구원에게는 정년을 적용하지 않으며 약 2억원 상당의 파격적 보수를 지급한다. 정부출연연구기관(이하 출연연) 1호 국가특임연구원은 김명환 전 LG화학·LG에너지솔루션 사장이다. 지난 9월 최선 한화 기술자문과 김재완 고등과학원 교수가 국가특임연구원에 임명된 바 있다. 권인소 KAIST 교수 /사진=KAIST권 교수는 내년 카이스트 퇴직 후 KIST로 자리를 옮겨 후배 연구자들과 함께 AI 로보틱스 연구를 이어간다. 1958년생인 권 교수는 국내 대표적인 AI 컴퓨터비전 석학이다. 지난 8월 한국인으로서 유일하게 유엔산업개발기구(UNIDO)가 선정한 '글로벌 100대 AI 인재'로 선정되기도 했다. 권 교수는 이날 'K-로봇 파운데이션 모델'과 'K-로봇 파운데이션 팀'을 만들어야 한다고 강조했다. 권 교수가 제안한 한국형 로봇 파운데이션 모델의 특징은 △탈중앙 모듈형 △오픈 데이터 소스 △공유 인프라(GPU·로봇) 기반 개방형 개발 플랫폼이다. 권 교수는 ""기존 로봇 파운데이션 모델을 넘어 물리 특성을 이해하고 필요 모듈만 수요에 맞게 실행할 수 있는 로봇 모델""이라고 설명했다. 그러면서 권 교수가 키워낸 '월드클래스급' 제자로 구성된 개발 팀을 제안했다. 권 교수는 1992년 카이스트 부임 이후 2024년 기준 총 200여명의 제자를 양성했다. 이들은 국내 유수 대학을 비롯해 테슬라, 구글 딥마인드, 엔비디아 등 글로벌 빅테크의 연구원으로 재직 중이다. 권 교수는 ""(제자인) 정예근 테슬라 연구원은 테슬라 옵티머스의 비전 연구 등을 총괄할 정도로 일론 머스크의 총애를 받는 유능한 인재다. 이런 친구를 한명 데려오려면 과감한 베팅이 필요할 것 같다""고 했다. 오 원장은 ""(권 교수에게) 내년 KIST에 특임연구원으로 올 때 피지컬AI 팀을 꾸려보자고 제안했고 다행히 수락하셨다. 이와 함께 제자 중 3명만 모셔 와달라 요청했다""고 했다. 이어 ""보수면 보수, 직장이면 직장 등 원하는 대우를 (해드리겠다). (이런) 팀을 꾸리면 우리가 정말 피지컬 AI를 시작할 수 있다고 본다""고 했다.이에 배경훈 부총리 겸 과기정통부 장관은 ""교수님께서 정해주시면 원장님과 (논의) 해보겠다""고 화답했다. 한편 배 부총리는 간담회 시작에 앞서 ""매년 석학 수준 국가과학자 20명, 젊은 과학자 200명을 선정해 지원할 계획""이라며 ""국회와 논의를 통해 거의 확정한 단계""라고 밝혔다. 그러면서 ""과학기술 강국이 되어야 실질적인 잠재 성장률을 이끌 수 있고 경제 성장을 다시 만들 수 있다고 생각한다. 정부에서도 이 점에 굉장히 방점을 찍고 있다. 하나하나 채워 나가겠다""고 강조했다. 한국형 AI 휴머노이드 KAPEX(케이펙스)와 기념 사진을 촬영하는 배경훈 부총리 겸 과기정통부 장관 /사진=과기정통부"
5,"""주말엔 맑아요"" 통화 중에도 '깜짝'…LG유플, 신규 기능은?",https://n.news.naver.com/mnews/article/015/0005210803,"LG유플러스, '익시오 AI 비서' 공개통화 중에도 AI 검색 후 정보 제공사진=LG유플러스 제공LG유플러스가 통화 도중 인공지능(AI) 비서를 호출해 필요한 정보를 음성으로 공유받을 수 있는 신규 기능을 공개했다. 구글 클라우드와 함께 개발한 AI 서비스를 앞세워 고객 맞춤형 AI 시대를 열겠다는 전략이다. LG유플러스는 13일 서울 종로구 센트로폴리스에서 기자간담회를 열고 '익시오 AI 비서'를 소개했다. 이날 행사엔 이재원 LG유플러스 컨슈머부문장(부사장)과 캐런 티오 구글 아시아태평양 플랫폼·디바이스 파트너십 부사장 등이 참석했다. LG유플러스가 이날 공개한 익시오 AI 비서는 통화 중 대화 맥락을 실시간으로 이해하고 필요한 정보를 제공하는 기능이다. 익시오를 사용하는 고객이 통화를 하다 ""헤이, 익시""라고 부르거나 호출 버튼을 누르면 AI가 참여해 정보를 찾아 공유한다. 예컨대 통화 상대방과 주말 계획을 세우던 중 ""헤이 익시, 주말 날씨 어때?""라고 물으면 된다. 익시오 AI 비서는 날씨를 검색한 다음 음성으로 결과를 알려주는 방식으로 통화에 참여한다. ""주말 날씨는 맑겠고 최고기온은 26도""라고 답하는 식이다. LG유플러스는 이를 위해 AI를 고도화했다. 실제 대화 흐름에 방해가 되지 않도록 정보를 제공해야 해서다. 이 때문에 △통화 연결 상태에서 AI 호출 △필요한 정보 검색·핵심 요약 △음성·텍스트 동시 제공 △상대방에 정보 즉시 공유 등의 과정을 매끄럽게 제공한다는 설명이다. 프라이버시 보호도 강화했다. 익시오 AI 비서는 온디바이스 기반 음성인식(STT) 기술로 호출 전 통화 내용의 경우 서버에 전송하지 않는다. 호출 후 발화 내용만 AI 검색에 활용한다. LG유플러스는 올해 말까지 일부 고객을 대상으로 시범 서비스를 운영한다. 사용자 피드백을 반영해 익시오 AI 비서 기능을 고도화한다는 계획이다. 내년 상반기 중으로 모든 익시오 사용자에게 AI 비서 기능을 제공한다. 익시오 AI 비서는 구글의 최신 거대언어모델(LLM)인 '제미나이 2.5 플래시 라이브'를 활용해 개발됐다. LG유플러스는 고객 편의를 위한 AI 서비스를 강화하기 위해 구글 클라우드와 협업하고 있다. LG유플러스가 자체 개발한 언어·분류 모델과 제미나이 모델의 문맥 이해 기술을 결합해 통화 이력 기반 AI 대화 검색 기능을 구현했다.LG유플러스는 구글 클라우드와의 협력을 발파능로 통화 중 언급된 일정·장소·예약 등을 바로 실행할 수 있는 '액셔너블 AI'로 기능을 확장할 계획이다. 또 익시오 2.0 핵심 기능인 AI 비서를 중심으로 고객 편의에 집중한 '맞춤지능' 전략을 본격적으로 추진한다. 익시오는 지난해 11월 출시된 이후 약 100만명의 고객이 사용하는 통화 애플리케이션(앱)으로 성장했다. 티오 부사장은 ""LG유플러스와의 협력은 공유된 비전을 가진 두 기업이 힘을 합쳤을 때 무엇을 이룰 수 있는지 보여주는 증거""라며 ""이는 단일 제품을 넘어 소비자, 기업, 인프라 사업 전반을 아우르는 깊고 전략적인 동맹""이라고 강조했다.이 부사장은 ""이제는 고객의 시간을 아끼고 삶을 편하게 지원하는 맞춤형 AI로 더 빠르게 진화할 것""이라며 ""익시오를 통해 심플한 AI의 효용을 느낄 수 있도록 AI 경쟁력을 높여나가겠다""고 말했다."
6,"국정원, KT에 사이버 위협 경고…“일부 스마트폰 문자 암호화 풀려”",https://n.news.naver.com/mnews/article/030/0003369673,"ⓒ게티이미지뱅크국가정보원이 지난 9월 KT 일부 스마트폰에서 문자 메시지(SMS) 암호화가 해제되는 현상을 직접 확인한 뒤 KT와 과학기술정보통신부에 공식 통보한 것으로 확인됐다.13일 국정원이 국회 과학기술정보방송통신위원장 최민희 더불어민주당 의원에게 제출한 자료에 따르면, 국정원은 “KT의 일부 스마트폰 기종에서 문자 암호화가 해제될 수 있다”는 제보를 입수한 후 사실관계를 검증했다.결과적으로 문자 통신이 '종단 암호화(End-to-End Encryption)' 방식으로 보호되지 않아 중간 서버에서 복호화될 수 있는 취약점을 확인했다는 것이다.이통사들은 국제표준화기구(ISO)와 한국정보통신기술협회(TTA)의 권고에 따라 송신부터 수신까지 중간 서버가 내용을 복기할 수 없도록 종단 암호화를 적용하고 있다.그러나 국정원의 검증 결과, KT 일부 단말기에선 이 보호 장치가 무력화된 것으로 파악됐다.다만 국정원은 암호화 해제가 발생한 구체적 기종이나 경위, 실제 정보 유출 여부에 대해서는 밝히지 않았다.이에 따라 민·관 합동으로 구성된 KT 해킹 조사단은 국정원의 통보 내용을 토대로 “일부 스마트폰만의 문제가 아닌 KT 전체 가입자 망에서도 동일 현상이 재현될 수 있는지”를 추가로 조사 중이다.아울러 최민희 의원이 과기정통부로부터 제출받은 자료는 또 다른 파장을 불러일으키고 있다.자료에 따르면 KT는 지난해 3월 BPF도어(BPFDoor) 악성코드 감염을 확인하고 다음 달인 4월에야 관련 사실을 파악한 뒤 대만 보안업체 트렌드마이크로에 백신 업데이트를 요청한 것으로 드러났다.트렌드마이크로는 한국 통신사 대상 BPF도어 공격 사실을 분석해 발표했지만, 당시 고객사 사정을 이유로 구체적인 통신사명을 공개하지 않았다.최민희 의원 측은 국정원의 문자 암호화 해제 통보 등과 관련해 “KT가 BPF도어 감염 사실을 알고도 외부에 알리지 않았고 국정원 통보에도 무기력하게 대응했다”고 비판했다."
7,“글로벌 겨냥한 ‘나혼렙 카르마’… 애니·게임·오프라인 연계한 미디어믹스 추진”,https://n.news.naver.com/mnews/article/005/0001814334,"왼쪽부터 넷마블 문준기 사업본부장, 넷마블네오 권도형 PD. 넷마블 제공13일 부산 벡스코에서 열린 미디어 간담회에서 권도형 PD와 문준기 본부장은 카르마의 차별점을 소개하며 애니, 게임 등과 연계한 미디어믹스를 추진하겠다고 밝혔다.넷마블네오가 개발 중인 ‘나 혼자만 레벨업: 카르마’는 원작의 ‘성진우’와 ‘그림자 군단’ 세계관을 중심에 두고 개성 있는 액션성과 반복 플레이의 재미를 결합한 작품이다. 로그라이트 기반의 쿼터뷰 액션 RPG를 표방한다.권 PD는 “하데스와 유사하다는 반응은 쿼터뷰 액션 장르를 충실히 만들다 보니 생긴 자연스러운 인상”이라며 “나혼렙 IP만의 서사와 그림자 군단, 성진우의 이야기를 게임 플레이 전반에 녹여내는 것”이라고 말했다.그는 “조작감, 전투, 속도감을 최우선 과제로 삼았으며 에어본이나 넉다운 같은 리액션 액션을 강화해 원작 특유의 ‘호쾌한 손맛’을 구현했다”고 덧붙였다.문 본부장은 “성진우 단일 캐릭터 기반으로 부담이 적은 월정액과 배틀패스 중심의 과금 모델을 구상 중이라고 설명했다. 쿼터뷰 채택 이유에 대해서는 “전황 파악이 쉽고 조작 난도가 낮아 글로벌 라이트 유저까지 포용하기 위한 선택”이라고 전했다.문 본부장은 글로벌 전략에 대해 “나혼렙 IP는 애니메이션 흥행을 기반으로 성장하고 있다”며 “A-1 Pictures가 제작한 애니메이션 오프닝 PV를 비롯해 다양한 미디어믹스를 통해 해외 팬들에게 적극적으로 다가갈 것”이라고 말했다.이어 “지스타를 시작으로 글로벌 게임쇼나 다양한 오프라인 이벤트에 참여해 사전 노출을 강화할 계획”이라고 첨언했다.스토리 구성에 대해선 “카르마의 스토리는 원작 웹툰 추공 작가, 소설 작가, 디앤씨미디어, 애니메이션 제작위원회의 감수를 받고 있다”며 “원작에서 자세히 다뤄지지 않은 ‘차원의 틈에서의 27년’을 정식 설정으로 확장해 다루고 있다”고 밝혔다.경쟁·협력 요소에 대해 권 PD는 “로그라이트 장르 특성상 무리한 PvP 유도는 맞지 않는다”며 “하지만 라이브 서비스의 지속성을 위해 협동 또는 제한적인 경쟁 요소는 반드시 필요하다고 보고 있다”고 말했다.밸런스 방향에 대해서도 “완벽한 균형을 맞추는 것보다 각 무기의 개성과 매력을 극대화해 다양한 플레이 경험을 제공하는 것이 목표”라고 강조했다.몬스터 구성에 대해 그는 “원작에 없는 몬스터를 우선적으로 창작하는 방식은 아니다”며 “군주와 그 휘하 몬스터를 충실히 구현하는 것이 1순위”라고 말했다. 이어 “성진우조차 긴장할 만한 강적을 만들어내는 방향은 가능성 열어두고 있다”고 덧붙였다.시연 버전의 부족함에 대한 지적에는 “필드 기믹과 무장 개성은 피드백을 바탕으로 적극 보완할 계획”이라고 설명했다.문 본부장은 “출시일은 내년 상반기를 목표로 하고 있다”며 “유저 피드백에 맞춰 폴리싱하면서 일정을 조율할 것”이라고 전했다.나 혼자만 레벨업: 어라이즈와의 연계 가능성에 대해서도 “동일 개발사 작품인 만큼 프로모션이나 협업의 가능성은 열려 있다”고 했다.문 본부장은 “나혼렙 IP는 글로벌 프랜차이즈로 성장하는 과정에 있다”며 “카르마가 더 많은 이용자를 품을 수 있는 작품이 되도록 만들겠다”고 다짐했다.권 PD는 “모바일 수동 조작이라는 어려운 과제를 풀어내며 개발해온 게임인 만큼 재미로 증명하겠다”고 말했다."
8,블루오리진도 로켓 회수 성공…스페이스엑스 10년 독점 깨졌다,https://n.news.naver.com/mnews/article/028/0002776379,"곽노필의 미래창 뉴글렌 2차발사서 해상바지선 안착 정비 거쳐 내년초 재사용 나설 듯 탑재한 나사 화성탐사선도 순항중이륙 9분30여초 후 해상 바지선으로 돌아온 블루오리진의 뉴글렌 로켓 1단 추진체. 로켓 회수에 성공한 우주발사체 기업은 일론 머스크의 스페이스엑스에 이어 세계 두번째다. 웹방송 갈무리 아마존 창업자 제프 베이조스가 이끄는 우주기업 블루오리진이 재사용을 위한 로켓 회수에 성공했다. 로켓 회수에 성공한 우주발사체 기업은 일론 머스크의 스페이스엑스에 이어 세계 두번째다. 스페이스엑스는 2015년 팰컨9 로켓 회수에 처음 성공했다. 블루오리진은 13일 오후 3시55분(한국시각 14일 오전 5시55분) 미 플로리다 케이프커내버럴우주군기지에서 미국항공우주국(나사)의 화성 궤도 위성 에스커페이드(ESCAPDE)를 실은 대형 우주로켓 뉴글렌을 발사했다. 이날 발사는 뉴글렌의 두번째 우주비행이지만 실제 위성을 탑재해 발사한 것은 처음이다. 지난 1월 첫 발사에선 모사체를 탑재해 궤도에 올려놓는 데는 성공했으나 로켓 회수에는 실패했다. 이날 뉴글렌 1단 추진체는 발사 3분 후 2단 로켓과 분리된 뒤 하강을 시작해, 9분30여초 후 플로리다 해안에서 600km 떨어진 거리에 있는 해상 바지선 ‘잭린’(베이조스 어머니의 이름)에 사뿐하게 착수했다. 뉴글렌 1단 추진체는 높이 59m, 지름 7m로 스페이스엑스의 팰컨9(높이 43m,, 지름 3.8m)보다 훨씬 크고 무겁다. 센트럴플로리다대의 그렉 오트리 교수(우주 상용화 및 전략 담당)는 뉴욕타임스에 “뉴글렌은 현재 스페이스엑스가 대형 탑재물 발사 시장에서 갖고 있는 거의 독점적 지위에 맞서 경쟁할 수 있는 가장 유망한 로켓이 됐다”고 말했다.13일 오후 미 플로리다 케이프커너배럴우주군기지에서 발사된 블루오리진의 뉴글렌 로켓이 고도를 높이고 있다. 블루오리진 제공 로켓 재사용까지 90일 안팎 예상 블루오리진은 로켓을 항구로 운반한 뒤 재사용을 위한 정비 작업에 들어갈 예정이다. 앞서 블루오리진은 회수한 추진체를 정비해 다시 발사하는 데 90일이 안팎이 걸릴 것으로 예상한 바 있다. 스페이스엑스는 팰컨9 로켓을 20번 발사한 끝에 5년만에 처음으로 1단 추진체 회수에 성공했고, 회수한 추진체를 처음으로 다시 발사하기까지는 15개월이 더 걸렸다. 뉴글렌은 베이조스가 회사 설립 25년만에 내놓은 첫 궤도 발사체로, 우주사업에서 경쟁관계에 있는 일론 머스크의 스페이스엑스 팰컨9 로켓에 맞서는 대항마다. 뉴글렌이란 이름은 미국에서 처음으로 궤도비행을 한 우주비행사 존 글렌에서 따왔다. 블루오리진이 10년 이상 공들여 개발한 뉴글렌은 높이 98m의 2단 발사체로, 스페이스엑스의 주력 로켓인 팰컨9(70m)보다 크고 개발 중인 스타십(121m)보다는 작다. 지구 저궤도에 올려놓을 수 있는 화물도 최대 45톤으로 팰컨9(22.8톤)보다는 많고 스타십(150톤)보다는 적다. 화물칸 너비도 7m로 팰컨9(5m)과 스타십(9m)의 딱 중간이다. BE-4 엔진 7개를 탑재한 1단 추진체의 추진제로는 메탄이 주성분인 액화천연가스(LNG)와 액체산소를 쓴다. 메탄은 팰컨9을 포함한 대부분의 로켓이 연료로 사용하는 등유와 달리 그을음이 나지 않는다. BE-3U 엔진 2개로 구동되는 2단 발사체 추진제는 액체수소와 액체산소를 쓴다.역추진 엔진을 이용해 해상 바지선을 향해 낙하하고 있는 뉴글렌 로켓 1단 추진체. 블루오리진 제공 5년만에 발사되는 나사 화성 탐사선 뉴글렌에 실렸던 화성 탐사선 에스커페이드는 발사 33분 후 로켓에서 분리돼 화성을 향해 날아가고 있다. 에스커페이드는 2020년 퍼시비런스 이후 5년만에 발사되는 화성 탐사선이다. 8천만달러를 들여 개발한 에스커페이드 탐사선은 2대의 우주선으로 이뤄져 있다. 블루와 골드로 명명된 두 우주선은 일단 지구에서 150만km 떨어진 라그랑주 점(L2)에서 12개월 동안 머문 뒤 2026년 11월 화성을 향해 출발한다. 10개월 후 화성에 도착하면 7개월에 걸쳐 점차 고도를 줄여 160km 상공 궤도에 진입한 뒤 11개월 동안 화성을 관측한다. 탐사선 운영기관인 버클리 캘리포니아대는 “에스커페이드의 두 위성은 편대비행을 하면서 미래 유인 화성 탐사에 대비해 화성의 자기장, 상층 대기, 전리층의 입체 지도를 작성하는 것이 주된 임무”라고 밝혔다. 화성에는 지구처럼 행성 전체를 아우르는 자기장이 없고 남반구를 중심으로 국부적으로만 가기장이 존재하고 태양에서 날아오는 고에너지 입자들을 막아줄 두꺼운 대기도 없기 때문에, 자기장과 대기의 분포를 파악하는 것이 매우 중요하다.화성 궤도를 도는 에스커페이드 위성을 묘사한 그림. 미국항공우주국 제공 화성으로 가는 새로운 경로 개척 에스커페이드는 화성으로 가는 새로운 경로를 개척하는 임무도 띠고 있다. 보통 화성으로 가는 우주선은 26개월마다 지구와 화성이 가장 가까워질 때에 맞춰 발사된다. 이때를 이용해야 연료를 줄일 수 있기 때문이다. 이를 ‘호만 전이 궤도’(Hohmann Transfer)라고 부른다. 에스커페이드는 이 경로 대신 태양과 지구의 중력이 균형을 이루는 제2라그랑주 점으로 가서 지구를 콩팥 모양 궤도로 돌다가, 지구에 가장 가까워지는 시점에서 지구 중력의 힘을 빌어 화성으로 향한다. 버클리 캘리포니아대 우주과학연구소의 로버트 릴리스 수석연구원은 “미래에 인류가 화성에 정착하려면, 매번 화성이 가장 가까운 시기에 수백~수천대의 우주선이 화성으로 향해야 할 것”이라며 “이 경로를 이용하면 우주선들이 몇달에 걸쳐 발사된 뒤 이 궤도에서 대기하다 한꺼번에 화성으로 출발할 수 있을 것”이라고 설명했다.화성 궤도 탐사선을 싣고 발사대에 대기 중인 뉴글렌 로켓. 미국항공우주국 제공 블루오리진은 내년 초를 목표로 하는 뉴글렌 3차 발사에선 화물 달 착륙선인 블루문 마크1의 시제품 블루문 마크1 패스파인더를 발사할 예정이다. 블루문 마크1은 최대 3톤의 화물을 달 표면까지 운송할 수 있는 무인 탐사선이다. 높이는 약 8m로, 아폴로 우주비행사들의 달 착륙선보다 높다. 뉴글렌의 성공으로 베이조스의 아마존이 추진하는 우주인터넷 위성망 구축도 탄력을 받게 됐다. 아마존은 스페이스엑스의 스타링크 네트워크와 경쟁하기 위해 3200여기의 저궤도 인터넷위성망을 구축하고 있으며, 위성의 대부분을 뉴글렌으로 쏘아올린다는 계획이다. 아마존은 13일 이 위성망의 이름을 `프로젝트 카이퍼'(Project Kuiper)에서 `아마존 레오'(Amazon Leo)로 변경했다."
9,"""물체 잡는 로봇 손은 아직 초등생 수준""",https://n.news.naver.com/mnews/article/092/0002398372,"배지훈 한양대 교수 ""그래스핑, 어떤 상태가 최적인지 아직 정의도 안돼""""보행은 넘어지면 안 된다는 조건이 있지만, 물체를 잡는 쪽은 어떤 게 그래스핑이 잘 됐는지 없는지 확인할 수 있는 방법이 없습니다. 정의가 안 됐어요.""배지훈 한양대 로봇공학과 교수는 13일 서울 서강대에서 열린 '제1회 한국로봇학회 전문가 심포지엄'에서 로봇 손·그리퍼 연구 25년을 돌아보며 조작 분야가 안고 있는 근본적 난제를 짚었다.보행 제어는 지지 다각형 안에 무게 중심을 두는 식으로 안정 조건을 비교적 명확히 수식화할 수 있지만, 로봇 손이 물체를 잘 잡고 있는 상태를 수식으로 표현하는 일은 아직도 어렵다는 지적이다.배 교수는 ""겉보기엔 로봇 손이 물건을 잘 잡은 것처럼 보이지만, 어떤 상태를 좋은 그래스핑이라고 컴퓨터에 알려줄 수 있는 수식이 없다""고 강조했다.배지훈 한양대 교수가 13일 제1회 한국로봇학회 전문가 심포지엄에서 발표하고 있다. (사진=지디넷코리아 신영빈 기자)물리 시뮬레이터에 대한 문제도 언급했다. 그는 ""물체를 잡고 움직이는 정밀 조작에서 컨택 모델도 재질 모델도 정확히 넣기 어렵고, 롤링이나 말랑말랑한 접촉이 제대로 표현 안 된다""고 말했다. 이 때문에 상용 시뮬레이터로 학습한 결과가 실제 로봇 손 조작으로 이어지기 어렵다는 설명이다.배 교수는 2000년대 초반, 제대로 된 로봇 핸드도, 시뮬레이터도 없던 시절 직접 소프트 핑거와 물체의 롤링·접촉 제약을 모두 포함한 시뮬레이터를 만들었다.손가락 끝을 반구 형태로 두고 미끄럼 없는 롤링을 가정한 뒤, 물체 표면 위 두 접촉점 사이의 거리 차이 y1–y2가 0에 가까워지면 '잘 잡힌 상태'라고 정의하는 그래스핑 기준을 제시했다. 이 수식 하나로 물체를 잡은 뒤 회전·이동까지 동시에 제어하는 실험을 2001년 무렵부터 구현했다는 설명이다.촉각 센서가 사실상 없는 상황에서 관절 엔코더 정보만으로 그래스핑을 시도한 사례도 소개됐다. 팩이 눕거나 구멍 방향이 안 보일 때 손가락으로 물체를 더듬어 구멍 위치를 찾고 필요하면 굴리거나 넘겨 자세를 바꾼 뒤 꽂는 방식이다. 배 교수는 2004년경부터 이를 '블라인드 그래스핑'이라 부르며 연구해 왔다.배지훈 한양대 교수가 13일 제1회 한국로봇학회 전문가 심포지엄에서 발표하고 있다. (사진=지디넷코리아 신영빈 기자)조작 난이도에 대한 체감 이야기도 나왔다. 배 교수는 ""과학관 강연에서 로봇 손 데모를 보여주면 초·중학생들이 '그것밖에 안 돼요?'라고 한다""며 ""잡고, 돌리고, 신발 끈을 묶는 수준은 여전히 로봇이 못 따라가는 영역""이라고 했다.인간 뇌의 감각·운동 피질 상당 부분이 손에 할당돼 있다는 점을 들며 ""로봇 조작이 보행보다 훨씬 어려운 게 이상한 일은 아니다""라고 덧붙였다.배 교수는 원래 AI·학습을 좋아하지 않았다고 밝히면서도, 상위 단계 작업 스케줄링·플래닝은 사람이 일일이 규칙을 짜기엔 경우의 수가 너무 많아 일부 학습 기법을 도입했다고 설명했다.손목 카메라로 작업 공간을 한 번 스캔한 뒤, 가장 빠르면서도 실패 위험이 적은 동작 시퀀스를 리워드로 두고 학습시키는 방식이다. 하위 제어는 기존 모델 기반 제어를 유지한 채, 상위 레벨만 학습으로 보완하는 구조다.배 교수는 화려한 딥러닝 성능 숫자를 제시하기보다 ""그래스핑은 아직 정의부터 어렵다""는 직설적인 문제의식을 공유했다. 그럼에도 여전히 해결되지 않은 수많은 과제들에 대한 뚜렷한 열의를 드러냈다."
10,"""고3 수험생은 알바비 2배 ""…'파격 조건'에 2억 쓰는 회사",https://n.news.naver.com/mnews/article/015/0005211287,"알바 플랫폼, 고3 수험생 대상'파격 조건' 알바 일자리 제안알바몬, '여행+알바' 투어 모집알바천국, '알바 응원금' 지급사진은 기사와 관련 없음. 사진=게티이미지뱅크국내 주요 아르바이트 플랫폼들이 대학수학능력시험을 마친 '예비 사회인'들에게 손짓하고 있다. 알바몬은 여행과 알바를 결합한 이벤트 형태의 단기 일자리 캠페인을 내세웠고 알바천국은 알바비를 2배로 지급하는 프로모션을 시작했다. 14일 업계에 따르면 알바몬은 수능이 마무리되는 전날 오후 5시 유튜브를 통해 '떠나자, 알바몬으로'라는 슬로건을 내건 알바투어 캠페인 홍보영상을 공개했다. 이 영상엔 전국 곳곳의 지리적 특성과 축제, 특산물을 암기하는 수험생들이 수능을 마치고 자신의 동네를 떠나는 모습이 담겼다. 이들은 가보고 싶었던 도시나 책에서만 봤던 곳에서 인생 첫 알바를 시작한다. 알바몬은 이 영상을 통해 이색 알바 체험 프로그램인 '알바투어' 이벤트를 소개하고 있다. 알바투어는 여행과 알바를 동시에 경험할 수 있는 대외활동형 체험 프로그램이다. 알바몬은 수험생들이 겨울방학 중 부산·경주·통영 중 한 곳에서 알바를 하면서 여행도 하고 다양한 경험을 쌓을 수 있도록 지원한다. 알바만 하는 것이 아니라 평소 접하기 어려운 지역 문화와 사람들을 마주하면서 시야를 넓히는 기회를 얻을 수 있다는 설명이다. 알바투어에 참여할 경우 주중엔 로컬 특색이 가득한 소상공인 사업장에서 일을 하게 된다. 나머지 시간엔 사회관계망서비스(SNS) 홍보 콘텐츠를 작성하는 과제를 수행한다. 이 외엔 리워드로 지급되는 지역화폐를 활용해 여행을 하는 방식이다. 이벤트 형태의 단기 알바 캠페인이지만 모집부터 선발·교육·현장 투입까지 일반 채용과 동일하게 진행된다. 모든 과정은 알바몬이 전담한다. 로컬 기업, 지자체와 협력해 캠페인 참가자 편의뿐 아니라 안전을 보장한다. 급여를 제외한 나머지 여행경비, 숙박 비용은 모두 알바몬이 지원해 소상공인들 부담도 최소화했다. 알바몬은 알바투어로 청년 인구 유출이 심각한 지역사회에 일손을 보태고 활력을 불어넣을 것으로 보고 있다. 주현정 잡코리아·알바몬 최고마케팅책임자(CMO)는 ""수능을 마친 청년들이 잠시 숨을 고르고, 설레는 도전을 시작할 용기를 주고자 한다""며 ""우리가 준비한 이 경험이 누군가의 인생에서 잊지 못할 의미 있는 순간으로 남길 바란다""고 했다. 사진=알바몬 제공알바천국은 알바비를 2배로 주는 프로모션으로 수험생들 눈길을 끈다. 이 프로모션은 2019년을 시작으로 매년 진행돼 왔다. 최근 3년 동안에만 매년 4만명 이상이 참여했을 만큼 인기가 높다. 알바 급여와 동일한 금액을 '알바응원금'으로 지급하는 것이 골자다. 올해는 고등학교 3학년생 200명에게 총 2억원의 알바응원금을 지급한다. 알바천국을 통해 알바를 구하는 2007년 출생 고등학교 3학년 회원이라면 누구나 참여할 수 있다. 당첨자는 내년 1월 중 발표된다. 1인당 최대 알바 응원금은 100만원이다. 권현경 알바천국 마케팅실 상무는 ""지난해 알바천국이 실시한 설문조사에 따르면 수능 수험생 2명 중 1명이 수능 이후 가장 하고 싶은 일로 아르바이트를 꼽았다""며 ""높은 알바 구직 수요에 맞춰 올해는 알바 응원금 지급 대상을 전년 대비 2배 확대해 더 많은 수험생이 혜택을 받을 수 있도록 했다""고 말했다. 실제로 수험생들은 수능 이후 알바 계획을 가장 많이 세운 것으로 조사됐다. 알바몬이 수험생을 대상으로 설문조사를 진행한 결과 39.9%가 수능 이후 계획으로 '알바'를 꼽았다. 여행은 28.3%로 알바보다 순위가 낮았다. "
11,"10만 달러 아래로 추락한 비트코인, 11월에만 세번째",https://n.news.naver.com/mnews/article/018/0006163830,"24시간 전보다 1.89% 내린 9만9800달러美 고용 지표 부진 등 경기 둔화 신호 영향""ETF 순유출, 랠리 동력 부족""[이데일리 김아름 기자] 10만달러 아래로 내려간 비트코인 가격이 계속해서 약세를 보이고 있다. 미국 경제 둔화 우려 속에 위험자산 전반이 흔들리고 있는 모습이다.이미지=픽사베이글로벌 가상자산 시황중계 사이트 코인마켓캡에 따르면 14일 오전 8시 10분 기준 비트코인 가격은 24시간 전보다 1.89% 내린 9만9800달러를 기록하고 있다. 비트코인이 심리적 지지선인 10만달러를 밑돈 건 이달 들어 세 번째다. 5월 이후 처음으로 지난 4일 10만달러 아래로 내려간 뒤 7일에도 반등 후 다시 하락했다.비트코인은 지난달 12만6080달러로 사상 최고가를 경신했지만 최근 미국 고용 지표 부진 등 경기 둔화 신호가 잇따르면서 상승 탄력이 약해졌다는 분석이 나온다.딜린 우 페퍼스톤 연구 전략가는 “중기적으로는 새로운 고점을 시도할 수 있지만 단기 변동성 확대는 불가피하다”며 “기관 참여와 대형 투자자의 거래 활동이 둔화했고 ETF 자금도 순유출이 이어지고 있어 지속적 랠리를 이끌 핵심 동력이 부족하다”고 진단했다.최근 2주간 미국 비트코인 상장지수펀드(ETF)에서는 수십억달러 규모의 자금이 이탈한 것으로 알려졌다. 시장 변동성은 청산 규모에서도 나타났다. 코인글래스에 따르면 최근 하루 기준 전체 가상자산 시장 청산액은 5억100만달러에 달했고, 이 중 비트코인이 1억6500만달러였다. 가격 상승에 베팅한 롱포지션 청산이 전체의 3억8000만달러로 대부분을 차지했다."
12,"""한국형 휴머노이드 5년 내 완성""…기계연 청사진 공개",https://n.news.naver.com/mnews/article/092/0002398371,"박찬훈 소장 ""손 전체 피부로…스스로 치유까지""한국기계연구원이 국산 휴머노이드 개발 전면전을 선언했다. 자체 구동기·손·촉각 피부·인공지능(AI) 브레인으로 구성된 차세대 로봇 청사진을 그렸다.박찬훈 한국기계연 소장은 13일 서울 서강대에서 열린 '제1회 한국로봇학회 전문가 심포지엄'에서 ""향후 5년 안에 완성형 국산 휴머노이드를 내놓겠다""고 밝혔다.박 소장은 먼저 지난 7월부터 제작해온 1차 휴머노이드 플랫폼을 소개했다. 조립된 지 한 일주일 정도 된 초기 단계다. 자체 개발 중인 준직구동(QDD) 구동기를 적용했다.그는 ""휴머노이드용 구동기는 저감속이고 구동성이 굉장히 높고, 순간 최대 출력이 높아야 한다""며 ""마찰을 줄이고 경량화·고내구성을 확보하는 설계를 병행 중""이라고 설명했다.박찬훈 한국기계연 소장이 13일 제1회 한국로봇학회 전문가 심포지엄에서 발표하고 있다. (사진=지디넷코리아 신영빈 기자)정밀 조작은 여전히 난제다. 박 소장은 ""걷는 문제들은 강화 학습이라는 도구로 비교적 쉽게 구현될 수 있지만, 정밀 조작 기술들은 세계적으로도 아직 완성되지 않은 분야""라고 지적했다.기계연은 사람 피부 수준의 다중 촉각 기술을 내세웠다. 현재 상용 센서는 손끝에서 노멀 포스만 감지하는 수준이지만, 기계연은 손 전체가 피부로 구성되고 실제 사람처럼 말랑말랑한 촉각 피부를 목표로 설계한다.이 필름 기반 센서는 압력·전단력·동적 신호·온도까지 감지하는 구조로, 손뿐 아니라 발바닥과 몸통까지 확장하는 방식을 연구 중이다. 그는 내구성 문제를 해결하기 위해 자르면 다시 붙는 형태의 자가치유 소재도 병행 개발하고 있다고 밝혔다.휴머노이드 지능 구조 역시 뚜렷한 방향성을 제시했다. 박 소장은 로봇의 '대뇌–소뇌'를 모사한 이중 프로세서 브레인을 소개했다. 위쪽 대뇌 부분은 공간·상식·절차 관계 등을 담당하는 전문가 모델로, 소뇌 부분은 실제 행동을 생성하는 액션 디코더가 된다.박찬훈 한국기계연 소장이 13일 제1회 한국로봇학회 전문가 심포지엄에서 발표하고 있다. (사진=지디넷코리아 신영빈 기자)특히 그는 ""발전 속도가 미친 듯이 빠르다""며 ""대형 언어모델은 자체 학습 대신 모듈 블록처럼 끼워 쓰는 방식을 지향한다""고 말했다.언어모델 기반 플래닝 기술도 공개했다. 긴 작업일수록 한 단계만 실패해도 전체가 무너지는 문제를 해결하기 위해, 로봇이 스스로 절차를 쪼개서 이해하고, 필요할 때 기억을 꺼내 쓰는 방식을 도입한 것이다.이 모든 기술 개발의 종착지는 데이터 생태계다. 박 소장은 ""휴머노이드 로봇을 AI 기반으로 하려면 결국 데이터 양이 중요하다""고 전했다.그는 국산·외산 다양한 휴머노이드를 모아 실험·데이터 수집·성능 검증을 수행하는 '휴머노이드 데이터 팩토리' 계획을 밝혔다. 약 1천㎡ 규모 공간에서 원격 조작 데이터 수집부터 실제 작업 실험까지 수행하는 구조다.발표를 마무리하며 박 소장은 최근 로보월드 전시장에서 촬영한 휴머노이드 사진을 띄우며 ""지금은 사진이지만 5년 뒤에는 실제로 대한민국 곳곳에서 일하는 로봇으로 만들겠다""는 포부를 밝혔다."
13,윤곽 드러내는 삼성 갤럭시S26…카메라 섬 바뀌고 AP도 정해져,https://n.news.naver.com/mnews/article/421/0008603643,"갤S26+ 모델 렌더링 유출…전작과 비슷한 외형모바일 AP, '울트라'만 전량 스냅드래곤 탑재(안드로이드헤드라인 제공)/뉴스1(서울=뉴스1) 김정현 기자 = 삼성전자(005930)가 오는 2026년 출시 예정인 갤럭시S26 시리즈의 윤곽이 점점 드러나고 있다. 갤럭시S26 플러스 모델의 렌더링이 유출됐으며, 모바일 프로세서(AP)도 정해지는 분위기다.13일 IT 외신 안드로이드헤드라인은 온리크스(ONLEAKS)와 공개한 갤럭시S26 플러스 모델의 캐드(CAD) 렌더링 이미지를 공개했다.해당 이미지에 따르면 갤럭시S26은 기본적으로 전작인 갤럭시S25와 큰 외형 차이가 없다.다만 후면 카메라가 전작의 '올리브링' 디자인 대신 갤럭시S25 엣지와 유사한 형태로 세로형 카메라 섬 위에 렌즈가 배치된 형태로 바뀌는 것으로 보인다. LED 플래시는 카메라 섬 오른쪽에 배치된다.전면 디스플레이는 전작과 동일한 평면 디스플레이가 사용되고, 중앙 상단 부에 전면 카메라 홀이 위치해있다. 디스플레이 크기는 전작과 동일한 6.7인치다. 전원·볼륨 버튼의 배치도 동일하다.(아이스유니버스 X 갈무리)/뉴스1갤S26 드디어 Qi2 무선충전 자석 탑재…카메라 센서 업그레이드도중국의 IT팁스터(유출가) 아이스유니버스 역시 갤럭시S26 시리즈의 스케치 이미지를 공개했다.해당 이미지에 따르면 갤럭시S26 시리즈에는 드디어 Qi2 규격 기반의 자석식 무선충전 기능이 탑재되는 것으로 보인다. 갤럭시S26 울트라는 25W 무선 충전을, 기본과 플러스 모델은 20W 무선 충전을 지원할 걸로 보인다.갤럭시S26 시리즈의 본체 두께는 전작 대비 다소 얇아질 것으로 전망된다. 아이스유니버스에 따르면 갤럭시S26 기본 모델의 두께는 6.9㎜로 갤럭시S25 기본(7.2㎜) 모델 보다 0.3㎜ 줄어든다.갤럭시S26과 플러스 모델은 카메라 화소수는 그대로나, 새로운 메인 카메라 센서를 탑재할 것으로 예상된다. 지난 2022년 갤럭시S22 이후 4년 만의 카메라 센서 업그레이드다.또 갤럭시S26 울트라는 애플이 아이폰17 시리즈에 도입한 것처럼 더 넓은 화각(85도)을 가진 전면 카메라를 탑재할 걸로 보인다. 기존 화각은 80도였다.(삼성전자 제공)/뉴스1갤S26, 울트라만 스냅드래곤…韓 출시 기본·플러스는 '엑시노스'갤럭시S26 시리즈에 탑재되는 AP도 거의 정해진 걸로 전해졌다.삼성전자는 갤럭시S26 시리즈에 삼성전자가 자체 생산한 2나노미터(㎚) 공정 제조 '엑시노스2600' 탑재를 검토 중이나, 아직 탑재 모델·시장을 공표하지 않은 상태다.다만 업계에 따르면 삼성전자는 이번 갤럭시S26 시리즈의 경우, 갤럭시S26 울트라에만 '퀄컴 스냅드래곤 AP' 탑재를 결정한 걸로 알려졌다.기본 모델과 플러스 모델의 경우, 북미와 중국 등 일부 시장에만 스냅드래곤 AP를 탑재하기로 했다. 국내를 비롯해 유럽, 남미 등 글로벌 시장 출시 모델에는 엑시노스2600을 탑재할 걸로 분석된다.한편 삼성전자는 갤럭시S26 시리즈를 오는 2026년 2월 25일 미국 샌프란시스코에서 언팩 행사를 열고 공개할 예정이다. 기존 상반기 출시 모델 대비 공개 시기가 늦어진 건 '엣지' 모델의 출시 계획 조정 때문인 걸로 알려졌다."
14,인력 줄이고 GPU 1000억원 투자…'AI 퍼스트' 속도내는 크래프톤,https://n.news.naver.com/mnews/article/421/0008603628,"자발적 퇴사 선택·신규 채용 동결…""업무 효율과 생산성 높이려""엔비디아 B200 조달 사업 진행중…'에이전틱 AI' 경영체계 구축크래프톤 역삼오피스(크래프톤 제공) /뉴스1(서울=뉴스1) 신은빈 기자 = 크래프톤(259960)이 인공지능(AI) 중심 기업으로의 전환을 선언한 후 경영 효율화에 박차를 가하고 있다.인력은 사실상 감축하는 기조로 조직 구조를 개편하지만 투자는 확대한다. 1000억여 원의 자금을 투입해 엔비디아의 고성능 그래픽처리장치(GPU) 클러스터를 구축하고, 업무와 서비스 전반에 AI 인프라를 적용할 예정이다.창사 이래 첫 '자발적 퇴사'…""업무 생산성 높인다""14일 게임 업계에 따르면 크래프톤은 전날 전사적으로 자발적 퇴사 선택 프로그램을 시행한다고 사내에 공지했다. 자발적 퇴사를 선택한 직원에게는 근속햇수에 따라 최대 월급 36개월 치를 지급할 예정이다.크래프톤은 비용 절감 차원의 희망퇴직이 아닌 업무 효율성과 전사적인 생산성을 높이기 위한 조치라고 설명했다. 특히 이번 발표는 크래프톤이 사상 첫 3분기 누적 영업이익 1조 원을 돌파하는 등 호실적을 거둔 직후 나왔다.앞서 크래프톤은 'AI 퍼스트'(AI First) 기업으로 전환하겠다는 방침을 알리며 당분간 신규 채용을 늘리지 않겠다고도 밝혔다.배동근 크래프톤 최고재무책임자(CFO)는 3분기 실적발표 콘퍼런스콜에서 ""오리지널 지식재산권(IP) 개발 조직과 딥러닝 등 AI 관련 인력을 제외하고 전사 인력 채용을 모두 동결했다""며 ""AI 퍼스트 전략에 따라 기본적으로 인력에 영향이 있을 수 있다""고 설명했다.다만 ""AI 퍼스트를 통해 비용을 절감한다기보다 기술을 잘 활용할 수 있도록 구성원 개개인의 생산성을 높이려는 의도""라며 ""(채용 동결을) 장기화할지 여부는 우선 시행 후 판단할 예정""이라고 덧붙였다.젠슨 황 엔비디아 최고경영자(CEO)가 18일(현지시간) 미국 캘리포니아 새너제이에서 진행된 엔비디아 주최 연례 개발자 회의 'GTC 2024'에서 생성형 인공지능(AI) 모델을 겨냥한 차세대 그래픽처리장치(GPU) 블랙웰(제품명 B200)을 공개하고 있다. 2024.3.18. ⓒ AFP=뉴스1 ⓒ News1 김성식 기자블랙웰 GPU에 1000억원 투입…AI 경영체제 구축크래프톤은 AI 퍼스트 전략의 일환으로 1000억 원 이상을 투자해 GPU 클러스터를 구축한다. 엔비디아의 블랙웰 아키텍처 기반 B300 GPU를 수급받아 에이전틱 AI 중심의 업무 자동화와 효율 경영에 힘쓴다는 방침이다.엔비디아의 B300 GPU는 생성형 AI의 컴퓨팅 수요를 맞추도록 맞춤 제작된 AI 인프라 설루션이다. 이전 세대보다 추론 성능은 11배, 훈련 성능은 4배 향상됐다. 이를 활용하면 AI 워크플로(운영 과정) 자동화부터 AI 연구개발(R&D), 인게임 AI 서비스 강화 등 정교한 추론과 반복이 필요한 업무와 서비스를 수행할 수 있다.크래프톤은 내년 하반기까지 AI 플랫폼과 데이터 통합·자동화 기반을 완성하고 전사적인 에이전틱 AI 운영 인프라를 확립할 예정이다. 이를 위해 GPU 조달 사업을 발주하고 우선협상대상자를 선정하기 위한 경쟁 입찰을 실시한 상태다.김창한 크래프톤 대표는 지난달 23일 사내 소통 프로그램 '크래프톤 라이브 토크'를 통해 ""이날을 기점으로 에이전틱 AI를 중심으로 업무를 자동화할 것""이라며 ""AI를 통해 구성원 성장을 촉진하겠다""고 말했다.크래프톤의 인생 시뮬레이션 게임 '인조이'(inZOI)의 CPC '스마트 조이' (인조이 갈무리)인조이·펍지에 CPC 적용…엔비디아와 인게임 서비스 맞손이 같은 AI 전환은 인게임 서비스로도 구현되고 있다. 크래프톤은 엔비디아와 공동 개발한 AI 협업모델 CPC(Co-Playable Character)를 대표 IP에 적용하고 있다.CPC는 AI를 기반으로 게임 이용자와 상호작용하는 가상 캐릭터다. 명령만 수행하는 기존 NPC(Non-Player Character)와 달리 이용자와 대화하면서 전략을 논의하고, 인간처럼 상황에 유연하게 대처한다.현재 인생 시뮬레이션 게임 '인조이'(inZOI)에는 CPC '스마트 조이'가 적용됐다. 향후 영어와 함께 한국어도 지원하는 새로운 스마트 조이를 공개할 예정이다. 내년 초에는 대표작인 '펍지(PUBG): 배틀그라운드 아케이드'를 통해 또 다른 CPC '펍지 앨라이'를 공개할 계획이다.<용어설명>■ 에이전틱 AI에이전틱 AI(Agentic AI)는 인공지능 기술의 최신 진화 단계로 기존의 규칙 기반 자동화나 단순한 생성형 AI를 넘어서는 자율성과 목표 지향적 행동을 갖춘 AI 시스템이다.■ GPU그래픽처리장치(Graphics Processing Unit)의 약자로 이미지나 영상 같은 그래픽을 빠르게 처리하기 위해 개발된 장치. 데이터를 병렬 방식으로 한 번에 대량으로 연산 처리 한다는 점에서 인공지능(AI) 학습을 위한 필수 컴퓨팅 자원으로 활용되고 있다."
15,전 세계 당뇨병으로 1466조 부담…비만 약 'GLP-1 주사' 해답 될까,https://n.news.naver.com/mnews/article/421/0008603625,"국내 2형 당뇨병 환자 383만 명…사회경제 부담 해마다 급증혈당 조절 물론 고혈압·비만 등 동반질환 관리 도울 수 있어2형 당뇨병 환자는 고혈압, 비만 같은 동반질환 유병률이 높다고 알려졌으며 그중 심혈관계 질환은 대표적인 사망 원인으로 지목될 만큼 심각성이 크다. 당뇨병 환자에서의 동반질환은 사망 위험을 높이고 외래 진료, 입원 등을 불러 치료 부담을 가중시킨다. ⓒ News1 윤주희 디자이너(서울=뉴스1) 강승지 기자 = 매년 11월 14일은 국제당뇨병연맹(IDF)과 세계보건기구(WHO)가 전 세계적으로 당뇨병 예방과 관리의 중요성을 강조하기 위해 제정한 '세계 당뇨병의 날'(World Diabetes Day)이다. 당뇨병에 대한 전 세계적인 부담이 약 1조 달러를 넘긴 시점에서 의미가 남다르다.14일 IDF 보고서 등에 따르면 당뇨병으로 인해 발생하는 모든 의료비를 포함한 당뇨병 질병 부담은 지난해 기준 1조 150억 달러(1466조 8000억 원)로 2007년 2320억 달러(340조 8312억 원) 대비 17년 동안 약 338% 증가했다.우리나라 상황도 다르지 않다. 2023년 기준 우리나라 2형 당뇨병 환자는 약 383만 명으로 2019년보다 18.6% 증가했으며 진료비도 1조 1765억 원으로 2019년 대비 25.7%가량 늘어났다. 당뇨병으로 인한 사회·경제 부담이 급증하는 데는 동반질환 관리가 주요하게 작용한다.건강보험심사평가원 국내 당뇨병 진료현황.(2019~2023)2형 당뇨병 환자는 고혈압, 비만 같은 동반질환 유병률이 높다고 알려졌으며 그중 심혈관계 질환은 대표적인 사망 원인으로 지목될 만큼 심각성이 크다. 당뇨병 환자에서의 동반질환은 사망 위험을 높이고 외래 진료, 입원 등을 불러 치료 부담을 가중한다.건강보험 급여 적용 확대될까…심평원 최근 '인정'이에 따라 최근 전 세계 치료 전략은 혈당 조절과 함께 여러 동반질환을 조기에 관리할 GLP-1(글루카곤 유사 펩타이드-1) 제제를 기반으로 한 통합 관리로 바뀌고 있다. GLP-1 계열의 약은 췌장에서 혈당을 떨어뜨리는 '인슐린' 분비를 늘리고 혈당을 올리는 '글루카곤' 분비를 억제한다.특히 위 배출 시간을 늦춰 혈당 급상승을 막고 뇌에 작용해 식욕을 억제하며 체중 조절에 도움을 준다. 현재 비만 약으로 국내 도입된 노보 노디스크의 '위고비'(성분명 세미글루티드) 등이 대표적이다. 단순 효과를 넘어 의료체계의 부담을 완화하고 비용효율성을 높이는 데에 기여하고 있다. 2023년부터 2040년까지 2형 당뇨병의 사회·경제적 부담을 예측한 영국 연구에 따르면 심혈관 질환을 포괄한 통합 전략을 시행할 경우 2040년까지 누적 입원일은 132만 건, 직접 의료비는 약 16억 8000만 파운드(3조 2364억 원), 소득 손실은 약 2억 7000만 파운드(5197억 원)가 감소했다.미국에서 심혈관 질환 동반 2형 당뇨병 환자가 GLP-1 계열의 약이나 표준 치료제로 치료했을 때의 예산 영향(Budget Implications)을 비교한 연구에서도 GLP-1 계열 약의 비용효율성이 확인됐다.GLP-1 계열 약으로 치료받은 환자는 표준 치료제보다 모든 원인에 의한 입원율이 약 15%, 심혈관계 질환으로 인한 입원율이 약 24% 감소했다. 심혈관계 질환 입원 이후에는 GLP-1 계열 약의 가격이 기존 표준 치료제보다 더 높았음에도 입원비와 외래진료비는 더 낮아졌다.결과적으로 월평균 총의료비는 표준치료제(4288달러·629만 원)보다 GLP-1 계열의 약(3853달러·566만 원)에서 더 낮게 보고됐다. 또 이를 실제 소요 비용이 아닌 환자 특성을 고려한 보정 값으로 환산된 뒤에도 GLP-1 계열 약의 총의료비는 표준치료제(3638달러·534만 원) 대비 더 낮았다.심혈관계 질환으로 입원한 2형 당뇨병 환자의 12개월간 월평균 총 의료비.이와 관련해, 최성희 분당서울대학교병원 내분비대사내과 교수(대한당뇨병학회 홍보이사)는 ""당뇨병으로 인한 사회·경제적 부담을 완화하기 위해서는 한정된 자원을 효율적으로 운용할 수 있는 체계적인 보건의료 시스템 구축이 필수적""이라고 전했다.최성희 교수는 ""GLP-1 계열 약은 의료 자원의 효율적 활용과 생산성 향상에 이바지할 수 있는 핵심 옵션""이라며 ""국내에서도 2형 당뇨병 환자의 치료 접근성을 높이고, 글로벌 표준에 부합하는 통합 관리 전략을 강화하기 위한 제도적 지원이 필요하다""고 강조했다.국내에는 위고비의 형제 격인 2형 당뇨병 치료제 '오젬픽'이 공급되고 있다. 위고비처럼 GLP-1 계열에 같은 성분의 약이다. 오젬픽은 건강보험 급여 적용 절차에 있어 건강보험심사평가원(심평원) 약제급여평가위원회(약평위)를 통과하며 약가 협상에 돌입했다.현재 국내에서 건보 급여가 적용되는 GLP-1 계열 약은 한국릴리의 트루리시티 1종에 불과하다. 환자 개개인의 질환 특성과 합병증 위험도를 충분히 고려한 최적의 치료 전략을 세우는 데는 역부족이라는 평가가 나온다.이에 따라 현장에서는 2형 당뇨병 환자와 의료진의 치료 선택지를 보장하고 보건의료 체계를 안정적으로 유지하기 위해서라도 국내 도입된 GLP-1 계열 약에 대한 건보 급여가 확대될 때라는 목소리가 커지고 있다."
16,“지갑도 뚱뚱해야 비만약 먹을수 있나요”…저가전쟁 이미 시작됐다는데,https://n.news.naver.com/mnews/article/009/0005590001,"위고비 주성분 내년 특허만료저렴한 복제약 쏟아져 나올듯경쟁자 마운자로 공습도 악재 비만 치료제 위고비. [연합뉴스]블록버스터 비만 치료제 위고비의 주성분인 ‘세마글루타이드’ 특허 만료를 앞두고 글로벌 제약·바이오 업계가 들썩이고 있다. 당장 내년 특허가 만료되는 인도와 중국 등에서는 이미 여러 기업이 저렴한 복제약 개발에 뛰어들었다. ‘비만 치료제 저가전쟁’의 전초전이다.세마글루타이드 특허권은 덴마크 제약사 노보노디스크가 갖고 있다. 이 회사가 출시한 위고비는 2024년 한 해에만 582억600만크로네(약 8조4742억원)의 매출을 올렸지만, 경쟁 제품인 ‘마운자로’의 거센 공습에 복제약 리스크까지 이중고를 겪게 됐다. 노보노디스크는 특허 만료를 앞둔 시장에서 위고비 약가를 선제적으로 인하하는 등 대응에 나섰다.13일 제약·바이오 업계에 따르면 노보노디스크는 지난 11일 인도에서 위고비의 가격을 인하한다고 발표했다. 한 달 최저용량 0.25㎎ 기준 1만7345루피(약 29만원)였던 것을 1만850루피(약 18만원)로 낮췄다. 최고용량인 2.4㎎으로 따지면 2만4389루피(약 40만원)에서 1만6400루피(약 27만원)로 떨어졌다. 용량별로 각각 37%, 33%가량 가격을 인하한 것이다.경쟁사인 일라이릴리의 비만 치료제인 마운자로는 2.5㎎을 1만4000루피(약 23만원)에 공급 중인데, 비슷한 수준으로 가격을 낮췄다.이번 가격 인하는 지난달 마운자로가 위고비를 제치고 인도 시장을 석권한 이후 나왔다. 인도는 세계에서 세 번째로 비만 인구가 많은 나라로, 관련 시장은 약 1억달러(약 1467억원)로 추산된다. 마운자로는 지난 3월 출시 이후 매출이 약 2배로 늘어나는 등 급성장 중이다. 현지 업계에서는 위고비 매출의 약 10배에 달할 것으로 추산하고 있다.게다가 인도에서는 내년 3월 위고비 특허가 만료된다. 한 제약업계 관계자는 “노보노디스크가 다른 업체들에 ‘시장에 들어오려면 가격을 더 낮춰야 한다’는 압박을 주는 것”이라며 “경쟁이 치열할 수 있는 대형 의약품 가격이 특허 만료를 앞두고 인하되는 사례는 미국 시장에서도 자주 볼 수 있다”고 말했다.세마글루타이드 특허는 중국에서도 내년 만료된다. 대외경제정책연구원(KIFP)이 운영하는 중국전문가포럼(CSF)에 따르면 세마글루타이드는 올해 중국 매출이 약 22억덴마크크로네(약 5010억원)로 2026년까지 30% 더 성장할 것으로 예상된다. CSPC 제약 등 중국 제네릭 제약사들이 앞다퉈 세마글루타이드 복제약을 개발 중인 것으로 확인됐다. 이들과 경쟁하려면 가격 인하가 불가피할 것이라는 관측이 우세하다.여기에 캐나다, 브라질, 터키, 남아프리카공화국, 아랍에리미트(UAE) 등 여러 국가에서도 내년 세마글루타이드의 특허가 만료된다. 이들 국가는 전 세계 인구의 약 30%, 전 세계 비만 성인 인구의 약 33%를 차지한다. 전 세계 3명 중 1명이 특허가 만료된 세마클루타이드를 이전보다 쉽게 접할 수 있다는 의미다.한국에서는 2026년 이후 특허가 만료되는 것으로 알려졌으나, 노보노디스크가 방어에 나서 2028년까지 특허가 유지되는 것으로 파악된다. 노보노디스크 관계자는 “국내 특허 만료 시점은 밝힐 수 없다”고 말했다.세마글루타이드 특허 만료는 비만 치료제 가격 하락의 신호탄이 될 전망이다. 환자 접근성이 높아지고 비급여 시장도 확대될 것이라는 기대감이 높다. 한 제약업계 관계자는 “소비자들에게는 더할 나위 없이 좋은 상황이 될 것”이라고 말했다.후발주자인 K제약·바이오에도 기회가 될 수 있다. 대웅제약, 동아에스티, 일동제약, 한미약품 등이 비만 치료제 개발에 도전 중이다. 글로벌 투자은행(IB) 모건스탠리는 글로벌 비만 치료제 시장이 2035년 정점을 찍으며 1500억달러(약 220조원)에 이를 것으로 전망하고 있다.한편 월가의 증시 전문가들은 비만 치료제 경쟁에서 앞서나가고 있는 일라이릴리 낙관론을 펴고 있다. 12일(현지시간) 미국 뉴욕 증시에서 일라이릴리는 전 거래일보다 약 3% 오른 1017.78달러에 마감하며 사상 처음으로 1000달러를 넘어섰다.위고비 출시 전 수준까지 주가가 떨어졌던 노보노디스크는 최근 소폭 반등했다. 노보노디스크 미국 주식예탁증서(ADR)는 지난 2거래일 동안 10% 가까이 올랐다.미국 증시의 순환매 흐름 속 헬스케어 관련주가 저평가 우량주로 주목받으며 비만 치료제 기업들에 대한 관심도 늘어나고 있다. 최근 미국 S&P500 헬스케어지수는 S&P500지수와의 상대적 비교에서 2001년 이후 가장 저평가된 수준에 있다."
17,"오픈AI, '반도체 신사업·챗GPT 유료화' 입 열었다… 한국 첫 데브데이 가보니",https://n.news.naver.com/mnews/article/011/0004555715,"■한국서 첫 '데브데이' 개최김경훈 韓지사장·본사임원 참석“국내 AI생태계 발전 적극 지원”김경훈 오픈AI 코리아 총괄대표가 13일 서울 마포구 한 스튜디오에서 열린 '오픈AI 데브데이 익스체인지 서울'에 참석해 발표하고 있다. 김태호 기자[서울경제] 오픈AI가 한국에서 첫 데브데이(DevDay)를 개최했다. 이날 데브데이에 참석한 오픈AI는 관계자들은 한 목소리로 한국의 인공지능(AI) 산업 분야의 저력을 인정하며 국내 AI 생태계 발전을 지원하겠다고 약속했다. 오픈AI는 최근 카카오톡에 챗GPT가 탑재된 사례처럼 국내 이용자들이 보다 확장된 AI 경험으로 편리한 일상을 누리게끔 여러 기업들과 손을 맞잡겠다고 강조했다.13일 오픈AI는 서울 마포구 한 스튜디오에서 ‘오픈AI 데브데이 익스체인지 서울’을 개최했다. 이날 행사에는 국내 기업 개발자 150여 명이 참석했다. 데브데이는 정보기술(IT) 기업이 업계 개발자들을 초청해 여는 콘퍼런스다. 오픈AI는 지난달 미국 샌프란시스코에서 데브데이 본 행사를 연 후 서울을 비롯해 세계 각지의 5개 도시에서 데브데이 익스체인지 행사를 진행하고 있다.이번에 서울에서 열린 데브데이 익스체인지는 오픈AI가 한국 개발자들의 교류를 확대하고 오픈AI의 각종 기업용 앱 활용 사례를 소개하는 취지로 기획됐다. 샘 올트먼 오픈AI 최고경영자(CEO)가 지난달 방한했을 때 오픈AI와 과학기술정보통신부와 체결한 양해각서(MOU)에 포함된 스타트업 지원 협력의 일환이기도 하다.13일 서울 마포구 한 스튜디오에서 열린 '오픈AI 데브데이 익스체인지 서울' 행사장 모습. 김태호 기자이날 발표를 맡은 김경훈 오픈AI 코리아 총괄대표는 “한국은 이미 글로벌 시장에서 AI 발전을 따라가는 게 아니라 주도하고 있다”며 “오픈 AI가 한국에 주목하는 이유는 개발자 생태계에 있다”고 강조했다. 이어 “오픈AI는 한국의 모든 개발자와 기업을 빨리 성장하게끔 돕고자 한다”며 “이날 행사가 진정성 있는 교류의 장이 되고 참석자 모두 실질적인 배움을 얻길 바란다”고 덧붙였다.김 대표는 오픈AI와 협업 중인 국내 기업 사례로 카카오의 카카오톡 내 챗GPT 탑재를 언급했다. 김 대표는 “카카오톡 내 챗GPT 이용은 대규모 AI 에이전트 경험”이라며 “AI를 이용해 모든 일상에서 편리함을 누리는 것이야말로 오픈AI의 최종 목표”라고 설명했다.국내 스타트업과의 협업에 대한 소개도 이어졌다. 김 대표는 발표 중 즉석에서 에임인텔리전스와 와들을 소개했다. 에임인텔리전스는 AI 기반 보안 진단 및 취약점 탐색 솔루션 개발사로 오픈AI 아시아·태평양 본부와 파트널십을 맺고 있다. 와들은 상거래 분야 AI 에이전트 개발사로 오픈AI가 주최한 GPT-5 해커톤 대회에서 1위를 거머쥔 곳이다.13일 서울 마포구 한 스튜디오에서 열린 '오픈AI 데브데이 익스체인지 서울'에서 패널들이 청중의 질문에 답하고 있다. 왼쪽부터 박원배 오픈AI 솔루션 엔지니어, 보니 차터지 오픈AI 글로벌 솔루션 아키텍처 총괄, 재커리 로리크 오픈AI 글로벌 솔루션 엔지니어링 총괄, 김종욱 오픈AI 연구과학자. 김태호 기자이후 오픈AI 본사 임원들이 무대에 올라와 청중의 질문에 답하는 시간을 가졌다. 이날 청중들은 오픈AI의 향후 사업 방향성에 큰 관심을 보였다. 재커리 로리크 오픈AI 글로벌 솔루션 엔지니어링 총괄은 오픈AI의 수익 창출 계획과 관련한 질문에 “오픈AI는 마켓플레이스 사업 모델을 계획하고 있다""며 챗GPT를 유통 채널로 활용해 수익을 얻는 사업을 준비하고 있다""고 말했다. 다만 로리크 총괄은 ""챗GPT는 지금처럼 광고 없이 무상으로 배포할 계획”이라며 “챗GPT 이용자에게 긍정적인 AI 경험을 제공한다는 목표가 중요하다”고 말했다.오픈AI와 브로드컴이 지난해 발표한 AI 반도체 칩 개발 협업과 관련해 칩 제품을 출시할 계획이 있는지 묻는 질문에 보니 차터지 오픈AI 글로벌 솔루션 아키텍처 총괄은 “경영진은 안정적인 데이터센터 운영을 위한 전력 공급을 중요하게 여기는데 이 이유로 브로드컴과 협업 관계를 구축한 것""이라며 이른 시일 내 반도체 칩 출시가 없을 것임을 시사했다."
18,"진격의 삼성전자, 내년 폴더블폰 700만대 판매 목표… “플립형 모델 두께·무게·가격이 관건”",https://n.news.naver.com/mnews/article/366/0001122839,"“플립형 모델 판매 반전 이끌 방법 찾아야”“두께·무게 혁신 없이는 플립형 모델 흥행 불가”“가성비 갖춘 100만원대 플립형 모델 출시 가능성도”그래픽=정서희 삼성전자가 내년 폴더블폰 판매 목표를 상향 조정했다. 최근 모바일경험(MX)사업부가 내년 매출 목표로 제시한 130조원 달성을 위해 고가 라인업인 폴더블폰 판매 확대가 불가피하기 때문이다. 업계는 최근 몇 년간 감소세를 보여온 ‘플립형’ 모델의 판매 반등이 핵심 변수로 보고 있다. 이에 따라 삼성전자가 내년에는 두께·무게·가격을 모두 잡기 위한 전략적 행보에 나설 것이란 관측이 나온다. 내년 폴더블폰 판매량 700만대 목표… “플립형 모델 판매량 반전이 급선무” 14일 전자업계에 따르면 삼성전자가 내년 출시될 신형 폴더블폰의 판매량 목표치를 700만대까지 높인 것으로 알려졌다. 2024년 판매량(521만대)과 비교하면 내년 판매 목표치는 35%가량 많은 수치다. 올해 삼성전자 폴더블폰 판매량은 아직 집계되지 않았지만, 목표치인 600만대는 넘겼을 것으로 업계는 추정하고 있다. 삼성전자가 공격적으로 폴더블폰 판매량 목표치를 상향한 것은 최근 두께 혁신을 내세워 흥행에 성공한 ‘갤럭시Z 폴드7’에 대한 자신감 때문이라는 분석이다.삼성전자 MX사업부는 지난해 114조원의 매출을 올렸다. 올해는 갤럭시S25 판매 호조뿐 아니라 갤럭시Z 폴드7의 흥행 덕에 120조원의 매출을 올릴 것으로 업계는 전망하고 있다. 전자업계 관계자는 “내년 MX사업부 매출 목표인 130조원을 달성하려면 150만원대부터 290만원대까지 높은 가격대가 형성된 폴더블폰의 판매량을 늘려야 한다”며 “그중에서도 판매량이 지속 감소해온 플립형 모델의 판매량을 반전시킬 방법을 찾는 게 급선무”라고 했다.플립형 모델의 판매량은 2023년 366만대에서 2024년 289만대로 줄었고, 올해는 미국 시장에서 플립형 모델 1위 자리를 모토로라에 뺏긴 여파로 판매량이 작년보다 감소했을 것으로 업계는 추정하고 있다. 미국 시장조사업체 베이스트리트리서치(BayStreet Research)에 따르면 올해 1월부터 7월까지 미국 플립형 폴더블폰 시장에서 모토로라의 점유율(출하량 기준)은 78%를 기록, 삼성전자(22%)를 제치고 1위에 올랐다. 업계에 따르면 작년까지만 해도 삼성전자가 미국 폴더블폰 시장에서 50%가 넘는 점유율을 차지했다.반면 폴드형 모델의 판매량은 증가하고 있다. 2023년 209만대에서 2024년 232만대로 증가했고, 올해 갤럭시Z 폴드7이 인기를 끌면서 판매량이 작년보다 늘어난 것으로 업계는 예상하고 있다. 다니엘 아라우호 삼성전자 MX사업부 상무는 3분기 실적 컨퍼런스콜에서 “플래그십 신모델 출시 효과로 매출과 영업이익이 직전 분기 대비 증가했는데 특히 갤럭시Z 폴드7 판매 호조로 폴더블 수량과 금액 모두 전년 대비 두 자릿수 늘었다”고 밝힌 바 있다. 혁신 부족했던 Z 플립7... “신작은 두께·무게 혁신하고 가격 낮춰야"" 업계는 올해 폴드형 모델만 흥행에 성공한 이유가 플립형 모델이 혁신이 부족했기 때문이라고 보고 있다. 갤럭시Z 폴드7은 무게가 215g으로 전작보다 10% 줄었고, 펼쳤을 때 두께는 4.2mm로 25% 얇아졌다. 반면 플립7은 무게가 188g으로 전작 대비 1g 줄었을 뿐이고, 펼쳤을 때 두께도 6.5mm로 5.8% 감소하는 데 그쳤기 때문이다.이 때문에 업계에선 플립형 모델 판매량을 늘리려면 ‘두께와 무게’ 혁신이 필요하다는 이야기가 나온다. 전자업계 관계자는 “삼성은 내년 갤럭시S26에서 엣지 모델을 제외하는 대신, 하반기 플립형 모델의 무게와 두께 개선에 집중할 가능성이 있다”며 “내년 플립형 모델의 두께·무게 변화가 MX사업부 매출 목표 달성의 바로미터가 될 것”이라고 했다.가격도 핵심 변수로 꼽힌다. 올 상반기 삼성이 주요 시장인 미국에서 모토로라에 밀려 플립형 폴더블폰 시장에서 1위 자리를 내준 이유가 모토로라가 가성비(가격 대비 성능)를 무기로 돌풍을 일으켰기 때문이다. 모토로라의 플립형 모델인 ‘레이저 60′는 ‘갤럭시Z’ 플립형 모델 대비 37%가량 저렴하다. 업계 일각에선 삼성이 가성비를 확보한 중간 가격대의 플립형 모델 라인업을 추가해 대응할 가능성도 점쳐지고 있다. 전자업계 관계자는 “미국, 중국 등 상대적으로 플립형 모델이 덜 팔리는 지역에서만 제한적으로 두 가지 모델을 출시할 가능성도 있다”며 “두께와 무게를 확 줄인 모델과, 그렇지 않은 100만원대 일반 플립형 모델을 함께 출시해 가격 차이를 둘 가능성도 배제할 수 없다”라고 했다."
19,"“개막식 축사 없고 대형 게임사들 대거 불참”… 위기의 지스타, 위상 예전만 못하네",https://n.news.naver.com/mnews/article/366/0001122837,"게임팬들 아침부터 ‘오픈런’ 했지만 행사 규모는 작년보다 축소 대통령 축사 없이 간소하게 개막 대형 게임사 신작 시연 부스는 북적13일 부산 해운대구 벡스코 제1전시장에서 열린 국내 최대 게임전시회 '지스타 2025'가 관람객들로 북적이고 있다. /뉴스1 국내 최대 게임 전시회 ‘지스타 2025’는 13일 부산 벡스코에서 개막하기 전부터 국내 주요 게임사가 대거 불참했다는 이유로 “위상이 예전만 못하다”는 비판에 시달렸다. 실제 행사 20주년이었던 지난해와 비교해 국내 참가사가 감소해 규모가 줄었고, 해외 게임사 참여가 늘었지만, 신작이 아닌 기존 작품을 전시했다.이런 분위기는 행사 개막식에서부터 드러났다. 이날 오전 10시에 열린 개막식은 이례적으로 대통령 축사 없이 비교적 간소하게 끝났다. 앞서 게임업계에서는 게임산업 지원과 e스포츠 발전을 약속한 이재명 대통령이 지스타에 참석할 수 있다는 기대감이 나왔지만, 참석이 불발됐을 뿐만 아니라 영상으로도 축사를 하지 않았다. 게임 주무부처인 문화체육관광부의 최휘영 장관도 불참했다.13일 오전 10시 부산 해운대구 벡스코(BEXCO)에서 열린 ‘지스타 2025’ 개막식에서 내빈들이 기념촬영을 하고 있다. /김수정 기자 이날 개막식에는 지스타 공동조직위원장인 조영기 한국게임산업협회 협회장, 김성회 더불어민주당 의원, 정연욱 국민의힘 의원, 박형준 부산시장, 최재환 문화체육관광부 게임콘텐츠산업과장, 서태건 게임물관리위원회 위원장, 유현석 한국콘텐츠진흥원장 직무대행, 유병한 게임문화재단 이사장 등이 참석했다.박병무 엔씨소프트 대표, 김병규 넷마블 대표, 김태영 웹젠 대표, 이진형 크래프톤 퍼블리싱 본부장(부사장) 등 게임사 경영진도 참석했다. 이진형 크래프톤 부사장은 “올해 21주년을 맞은 지스타의 새로운 도약을 축하한다”며 “앞으로도 크래프톤은 독창성과 경쟁력을 갖춘 신작을 지속 선보이며 글로벌 게임산업의 혁신과 성장을 이끌겠다”고 말했다.김택진 엔씨소프트 대표가 13일 부산 벡스코에 마련된 지스타 2025 엔씨소프트 부스 오프닝 세션 개막 연설에서 발언하고 있다./연합뉴스 김택진 엔씨소프트 대표는 개막식에는 참석하지 않았지만 이날 오전에 열린 ‘오프닝 세션’에 깜짝 등장했다. 지난 2023년 이후 2년 만에 지스타 현장을 찾았다. 그는 “지스타는 단지 우리의 현재를 보여주는 자리가 아니라, 다가올 미래의 첫 장면을 함께 여는 무대라고 생각한다“며 우리가 만드는 게임이 세상에 나올 때 새로운 기술과 새로운 세대들이 만드는 문화적 변화속에 선택받을 수 있는 게임일지 늘 생각하고 있다”고 말했다.이날 오전부터 벡스코 전시장은 게임팬들로 북적였다. 지스타는 매년 18만~20만명이 찾는 국내 최대 게임 전시회인데, 올해도 총 관람객 수는 비슷할 것으로 예상된다. 엔씨소프트, 크래프톤, 넷마블 등 대형 게임사의 전시관에는 관람객의 발길이 끊이질 않았다.이번 지스타 메인 스폰서를 맡은 엔씨소프트는 300부스 규모의 초대형 전시공간을 꾸렸는데, 기대작으로 내세운 다중접속역할수행게임(MMORPG) 신작 ‘아이온2’ 시연 부스에는 인파가 몰리며 순식간에 긴 대기줄이 생겼다. 일부 관람객은 시연을 해보기 위해 3시간 가까이 기다리기도 했다. 이날 ’여기서부터 120분‘이라고 적힌 ‘아이온 2’ 대기 안내판 앞에서 순서를 기다리고 있던 직장인 김모(28)씨는 “평소 게임을 좋아해서 ‘지스타 2025’에 참석하러 서울에서 KTX 타고 부산까지 왔다”고 말했다. “’아이온2′가 기대작이라고 해서 꼭 시연해보고 싶었다. 다른 부스도 둘러볼 계획이다.”13일 부산 해운대구 벡스코에서 열린 국내 최대 게임전시회 ‘지스타(G-STAR) 2025’ 현장. 크래프톤 부스에서 관람객들이 ‘팰월드 모바일’을 시연하고 있다. / 크래프톤 제공 크래프톤의 ‘팰월드 모바일’ 시연 부스에도 긴 줄이 이어졌다. 최대 150분의 대기 시간이 발생했다. ‘팰월드 모바일’은 일본의 게임 개발사 포켓페어의 ‘팰월드’ 지식재산(IP)을 기반으로 만든 모바일 게임이다. 크래프톤은 게임 속 신비한 생명체인 ‘팰(Pal)’의 실물 크기 모형을 전시장 곳곳에 배치했는데, 관람객들은 이 모형과 사진을 찍기 위해 줄을 서기도 했다. 배틀그라운드 IP를 활용한 체험형 휴게공간 ‘카페 펍지’에도 팬들이 몰려 한 때 최대 90분의 대기 행렬이 이어졌다.넷마블의 ‘나 혼자만 레벨업: 카르마(KARMA)’ 등 신작과 웹젠의 ‘게이트 오브 게이츠’ 시연 부스에도 대기줄이 길게 형성됐다. 현장은 시끌벅적했지만 신작 게임을 시연하는 관람객들의 표정은 진지했다. 좋아하는 게임 캐릭터로 분장한 코스플레이어들도 현장 열기를 한층 띄웠다.13일 개막한 국내 최대 게임 전시회인 ‘지스타 2025’에서 '아이온 2' 캐릭터로 분장한 코스플레이어들이 기념촬영을 하고 있다. / 이재은 기자 다만 전날 ’2025 대한민국 게임대상’에서 대통령상을 포함해 6관왕을 석권한 넥슨을 포함해 스마일게이트, 카카오게임즈, 위메이드, 펄어비스 등 주요 게임사가 불참한 점은 아쉬움으로 꼽힌다. 대다수 게임사들이 앞서 독일 게임스컴이나 도쿄게임쇼에 참여해 신작을 쏟아낸 것과 대조되는 행보다. 지스타에 참석하지 않은 국내 한 게임사 관계자는 “이미 게임스컴과 도쿄게임쇼에 참석했기 때문에 연말에는 차기작 개발에 집중하기로 결정했다”고 설명했다.국내보다 해외 매출 비중이 큰 게임사 입장에서는 글로벌 행사를 공략하는 게 더 효과적이라는 판단이 작용한 것으로 풀이된다. 대형 게임 행사 참석에 적잖은 비용이 드는 만큼, 게임사들도 ‘선택과 집중’에 나선 것으로 풀이된다. 업계에서는 지스타 운영이나 전략에 큰 변화가 생기지 않는 이상 게임사들이 지스타보다 해외 행사를 우선시하는 기조가 이어질 가능성이 높다고 보고 있다.올해 지스타는 국내 게임사가 빠진 대신 해외 게임사 참여가 늘긴 했지만, 신작은 공개하지 않고 팬 서비스 위주의 체험형 부스만 운영했다. ‘스타크래프트’로 유명한 블리자드가 12년 만에 지스타에 참가해 기대를 모았지만, 신작 없이 기존 작품만 전시했다."
20,차세대 아이폰은 '벽돌폰'?…'아이폰18 프로맥스' 역대 최고 무게될 듯 [1일IT템],https://n.news.naver.com/mnews/article/014/0005434311,"아이폰17 시리즈. [파이낸셜뉴스] 애플이 내년 출시할 '아이폰18' 시리즈 중 최상위 모델인 '아이폰18 프로 맥스'가 역대 가장 무거운 아이폰이라는 타이틀을 얻을 것이란 전망이 나왔다. 14일 중국 정보기술(IT) 정보유출자(팁스터) '인스턴트 디지털'에 따르면 아이폰18 프로 맥스 무게는 243g 수준으로 예상된다. 알루미늄 소재를 적용한 '아이폰17 프로 맥스'(233g)보다도 10g 가량 더 무거울 것으로 추정된다. 특히 각각 240g으로, 종전까지 가장 무거운 아이폰으로 평가된 '아이폰14 프로 맥스'와 '아이폰13 프로 맥스' 무게도 뛰어넘을 것으로 보인다. 내장형 페이스 ID 시스템과 카메라 부품이 추가 탑재되면서 무게 증량이 불가피해진 것으로 분석됐다. 또 아이폰18 프로 맥스 두께는 9㎜ 수준으로, 아이폰17 프로 맥스(8.75㎜)보다 더 두꺼워질 전망이다. 애플이 더 큰 배터리를 장착하거나 2나노미터(1nm=10억분의 1m) 기반 A20 칩셋의 냉각 시스템이 차지하는 공간이 더 커질 것이란 추측에 기반한다. 애플은 아이폰18 후면 패널의 알루미늄 외관과 강화유리 색상을 일치시키는 등 디자인 개선에도 나설 것으로 보인다. '아이폰18 프로', 아이폰18 프로 맥스와 함께 애플의 첫 폴더블폰인 '아이폰 폴드'는 내년 9월 출시가 예상되고 있다. 당초 아이폰 에어 2세대도 함께 출시될 것으로 전망됐지만, 판매 부진으로 출시를 연기한 것으로 알려졌다. 미국 정보기술(IT) 전문매체 디인포메이션에 따르면 애플은 엔지니어와 외부 공급업체에 아이폰 에어 출시 연기를 통보했다. 아이폰 에어 생산 축소 수순도 밟고 있다. 아이폰 제품 조립을 담당하는 업체 폭스콘은 아이폰 에어 생산라인을 1개 반만 남기고 모두 해체했으며, 이달 말까지 모든 생산을 중단할 예정이다. 또다른 조립업체 럭스셰어는 이미 지난 달 말 생산을 전면 중단했다. 시장조사업체 컨슈머인텔리전스리서치파트너스(CIRP)는 지난 9월 기준 전체 아이폰 판매량에서 아이폰 에어가 차지하는 비율이 3%에 불과했다고 분석했다."
21,[취재수첩] AI를 '쓰는 것'과 '이해하는 것'은 다르다,https://n.news.naver.com/mnews/article/138/0002209549,"[사진=Pixabay][디지털데일리 이건한기자] 최근 AI 분야를 취재하며 '대국민 AI 리터러시(Literacy) 교육'의 중요성을 깊이 체감한다. AI 리터러시는 '챗GPT 사용법' 같은 단순한 개념이 아니다. 그보다 AI 작동 원리에 대한 기본 개념 이해부터 AI의 출력물 중 무엇을 신뢰할지 판단하는 능력, AI 사용 윤리 등이 포괄된 개념이다. 사실상 훈련병에게 수류탄을 그냥 주지 않듯, AI 사용법보다 먼저 익혀야 할 교과서적 이론이라고 볼 수도 있다.그러나 AI 리터러시에 대한 기사를 쓸 때마다 'AI 리터러시는 무엇인지'부터 설명해야 할 만큼 대중은 리터러시란 개념을 생소하게 느낀다. 정작 국내 챗GPT 월간 사용자 수는 1300만명에 육박하는 시점인데도 말이다.이런 상황은 지난 3년간 AI 붐을 주도한 기업과 정부가 AI의 '생산성'만을 강조한 것에 기인한다. 그사이 대중의 인식 속 AI는 이미 '일을 더 쉽게 할 수 있는 도구', '무엇이든 가능한 만능 소프트웨어', '안 쓰면 손해' 같은 개념으로 깊게 뿌리내렸다. 반면 AI에 대한 비판적 접근은 찾아보기 힘들다. 최근 명문 대학가에서 잇따라 터진 AI 활용 커닝 사태 또한 충격적이다. AI에 대한 사용자들의 맹신, 윤리 의식 결여의 상징물과 같았다.AI는 구조적으로 언제나 100% 옳은 답을 내놓는 시스템이 아니다. 오답과 환각의 확률이 늘 존재하며 사용자 친화적인 시스템이라 아부도 일삼는다. AI에게 어떻게 질문하고, 어떻게 명령하는가에 따라 틀린 결과물도 그럴싸하게 포장할 수 있다. 편향도 따른다.그러나 이런 AI의 답변이 '어떤 과정으로 출력됐는지' 궁금해하는 사람은 별로 없다. 애초에 그것을 가르치는 시스템이 미비하기 때문이다. 지금까지는 모두 'AI로 할 수 있는 일'에만 초점을 맞췄다. 하지만 이제는 'AI가 무엇인지'부터 시작해야 한다. 나아가 AI의 한계는 무엇인지, 'AI의 출력물은 사용자가 책임질 수 있는 것만 활용해야 한다'는 인식을 심어줘야 한다.최근 취재 현장에서 들은 또 하나의 충격적인 이야기도 소개한다. 모 대학의 수업을 듣던 학생이 교수의 설명을 지적하며 'AI로 확인한 내용'이라 말했다고 한다. 교수가 '그것은 사실이 아니'라고하자, 그 학생은 '그럴 리 없다. 나는 AI 유료 버전을 쓰는 사람'이라고 답했다는 것이다. 유료 버전은 당연히 더 정확한 AI 모델을 제공할 것이라는 무지였다. 더불어 유료 AI는 평생 그 분야를 연구한 교수보다 더 똑똑할 것이라는 근거 없는 믿음의 산물이었을 것이다.다행히 최근 여러 전문가와 기업이 AI 리터러시의 중요성을 공론화하면서 인식 개선이 조금씩 이뤄지고 있다. 교육부도 지난 10일 '전 생애주기 관점의 AI 교육 지원과 리터러시 교육 강화'를 약속했다. 긍정적인 일이다. 하지만 시기를 더욱 앞당겨야 한다. AI에 대한 국민의 접근 장벽은 날로 낮아지고, 사용자는 이제 젊은 세대에 그치지 않기 때문이다.일례로 최근 국민 메신저 카카오톡에 아예 챗GPT가 내장되는 업데이트가 이뤄졌다. 이는 수천만명에 달하는 국민의 챗GPT 접근 허들이 더욱 낮아졌음을 시사한다. 특히 그 안에는 젊은 세대보다 AI 리터러시에 취약한 60대 이상 장년층도 포함된다. 지금까지 그들에게 챗GPT 사이트 접속, 앱 설치조차 어렵고 번거로운 허들이었다면 이제는 카카오톡 계정만으로 카카오톡에서 언제든 챗GPT와 대화를 나눌 수 있다. 물론 긍정적인 효과도 있겠다. 반면 보수적인 시각에서 AI 사각지대였던 장년층의 AI 오남용 빈도마저 훨씬 늘어날 가능성을 배제하기 어렵다.결국 이런 환경 변화에 발맞춰 대국민 AI 리터러시 교육도 더욱 앞당겨야 한다. 단순히 '곧 시행할 계획'이나 '단계적 확대', '학생 중심' 등에 머물 문제가 아니다. 교육부만의 일도 아니다. 정부가 합심해 가능한 빠른 시일 내에 전 국민 대상 기본 교육으로서 원하는 이들에게 무상 제공해야 한다. 공익 캠페인도 빠른 대안이 될 수 있다. AI를 이용한 생산성 향상이 우선인가? 국민의 성숙한 AI 활용 의식이 먼저인가? 답은 정해져 있다."
22,"""1년 공짜로 써라"" 파격에도 한국인 안 쓴다…구글 '제미나이' 굴욕",https://n.news.naver.com/mnews/article/008/0005278043,"구글 제미나이 MAU 수치/그래픽=이지혜글로벌 시장에서 오픈AI '챗GPT(Chat GPT)'의 왕좌를 무섭게 위협하는 구글 '제미나이(Gemini)'가 유독 한국 시장에서 기를 못펴고 있다. 해외에서 인기를 얻은 동영상 모델 '비오3(Veo3)'와 이미지 생성 서비스인 '나노 바나나'의 출격에도 역성장을 면치 못했다. 14일 모바일 인덱스에 따르면 구글의 생성형 AI(인공지능) 제미나이의 10월 MAU(월간활성이용자수)는 6만8023명(안드로이드+IOS 합산)으로 지난 9월 7만5811명에서 약 10% 감소했다. 제미나이의 MAU는 지난해 10월 3000여명에서 지난 4월 1만여명, 5월 5만여명, 6월 9만여명으로 가파르게 증가했다. AI에 대한 사회적 관심 속에서 모든 AI 이용자 숫자가 증가하던 시기다. 그러나 7월을 기점으로 4개월 연속 이용자가 줄고 있다. 신규 설치건수도 6월(33만8957건) 최고치를 찍은 후 10월 41% 급감한 19만9131건을 기록했다. 1인당 평균 사용시간은 10월 기준 0.62분으로 1분에 못 미친다. 구글코리아는 지난 8월부터 대한민국에 거주하는 만18세 이상의 대학(원생) 대상 AI 프로 1년 무료 제공이라는 파격 이벤트를 내걸었다. 갤럭시S25 구매자에게는 유료 버전인 '제미나이 어드밴스드(Gemini Advanced)' 무료 체험판을 내걸었지만 이용자는 지속 감소세다.반면 챗GPT MAU는 같은 기간 1280만명에서 1304만명으로 24만여명 증가했고 사용시간도 109분으로 늘었다. X의 그록AI 역시 9월 20만5690명에서 10월 48만4288명으로 2배 이상 급증했다. 제미나이는 심지어 한국에서 비슷한 점유율을 보였던 앤트로픽의 클로드에도 뒤처졌다. 클로드의 10월 MAU는 8만1937명으로 9월(7만6598명)보다 7% 증가해 구글 제미나이 MAU를 넘어섰다. 클로드의 평균 이용시간은 67분에 달한다. 삼성전자 갤럭시 S25 시리즈에 탑재된 구글 AI '제미나이'를 시연하고 있다. /사진=뉴스1구글은 지난 7월 생성형 AI 영상 모델 '비오3'를 전 세계에 출시해 영상 제작 진입장벽을 대폭 낮췄다는 평가를 받았다. 8월에는 이미지 생성·편집용 AI 모델 '나노 바나나' 출시로 전 세계에서 인기를 누렸다. 외신에 따르면 나노 바나나의 뛰어난 성능 덕에 제미나이는 해당 기능 출시 후 전 세계에서 1300만명의 신규 이용자를 끌어들였다. 그러나 한국에서는 새로운 기능과, 잇단 프로모션에도 내리막길을 걷고 있다. 앞서 오픈AI의 챗GPT가 '지브리풍 그림'으로 한국에서 대규모 유료 사용자를 모은 것과 상반된다. IT업계 전문가들은 한국 AI 사용자들이 이미 챗GPT에 익숙해지면서 락인(Lock-in)효과가 발생한 것으로 풀이한다. 연초 지브리풍 그림으로 유입된 이용자들이 그간 챗GPT를 챗봇처럼 사용하면서 자신에게 최적화했고, 나를 가장 잘 아는 챗GPT를 떠날 이유가 없어진 것이다. 한국에서 SNS(소셜미디어)로 유행했던 '챗GPT에 욕먹어보기' , '챗GPT 사주풀이' 등이 대표 사례다. 한 업계 관계자는 ""제미나이 성능이 제일 좋은 것은 사실이지만, 생성형 AI 모델 자체 성능이 상향 평준화돼 일상에서 쓸 때는 편의성 차이가 크지 않아서 굳이 안 옮기는 것""이라며 ""앞으로는 모델 성능 차이보다는 어떤 서비스 경험을 제공할 지가 서비스 성패를 좌우할 것""이라고 내다봤다. 다만 구글 제미나이는 해외 시장에서 챗GPT의 아성을 위협하는 존재로 거듭나고 있다. 순다르 피차이 구글 CEO는 지난달 말 3분기 실적 발표에서 제미나이의 글로벌 MAU가 6억5000만명을 기록해 전분기(4억5000만명) 대비 2억명 증가했다면서 '나노 바나나' 출시에 힘입었다고 밝혔다. 이는 챗GPT(약 10억명 추정)에 이어 전 세계 두 번째다. "
23,"""AI 자동구매는 사기vs혁신기업 괴롭히기""…아마존·퍼플렉 충돌",https://n.news.naver.com/mnews/article/421/0008603593,"퍼플렉 ""AI 비서=도구, 개인의 도구 사용 막을 권리 없어""AI 에이전트 활동 범위 두고 빅테크vs스타트업 '생존게임'FILE PHOTO: Illustration shows Perplexity AI logo ⓒ 로이터=뉴스1(서울=뉴스1) 김민석 기자 = 아마존이 검색증강생성(RAG) 인공지능(AI) 스타트업 퍼플렉시티를 상대로 법적 압박에 나서며 AI 에이전트가 대신 상품을 구매하는 미래 e커머스 시장을 둘러싼 주도권 다툼이 본격화했다.표면적으론 '컴퓨터 사기죄' 명목의 법적 분쟁이지만, 이면엔 AI 비서가 쇼핑을 대행할 때 어디까지 허용할 것인지를 두고 기존 빅테크와 혁신 스타트업 간 생존을 건 '헤게모니' 전쟁이라는 분석이다.14일 IT 업계에 따르면 아마존은 최근 퍼플렉시티 AI를 상대로 샌프란시스코 연방법원에소송을 제기했다. 퍼플렉시티의 AI 브라우저 '코멧' 내 AI 에이전트가 자신의 정체를 숨긴 채 크롬 브라우저 이용자로 위장해 자사 플랫폼에 접근했다는 이유에서다.아마존은 코멧 AI 에이전트의 상품 구매 기능이 '컴퓨터 사기 및 부정행위'에 해당한다고 주장했다. 지난달 말 아마존은 퍼플렉시티에 서비스 중단을 요구하는 서한을 보내기도 했다.아라빈드 스리니바스 퍼플렉시티 CEO ⓒ AFP=뉴스1퍼플렉시티는 자사 블로그에 '괴롭힘은 혁신이 아니다'(Bullying is Not Innovation)라는 글을 게재하며 ""AI 에이전트는 이용자를 대리해 행동하는 손에 있는 렌치 같은 도구일 뿐""이라고 반박했다.아라빈드 스리니바스 퍼플렉시티 CEO는 ""대기업이 자신의 이익을 지키려고 개인의 도구 사용을 막을 권리는 없다""며 ""아마존이 자사 AI 에이전트만 허용하는 건 독점적 지위를 유지하기 위해 혁신을 억누르는 행위""라고 지적했다.아마존은 자체 AI 쇼핑 기능 '바이 포 미'(Buy For Me)를 올해 4월부터 테스트하고 있다. 바이 포미는 아마존 쇼핑 앱 등이 직접 판매하지 않는 제품을 타사 브랜드 웹사이트에서 대신 구매해 주는 AI 에이전트 기능이다. '루퍼스'(Rufus)도 '상품 추천' '상품 비교' '제품 검색' 등을 지원한다.스리니바스는 ""아마존이 더 작은 경쟁자를 괴롭히고 있고 혁신적인 기업들이 사람들의 삶을 개선하는 것을 막으려는 위협 전술을 펼치고 있다""며 ""자사는 아마존웹서비스(AWS)와 수억 달러 규모 (데이터센터 등 인프라) 계약을 맺은 대형 고객사로 이같은 고객사에 법적 압박을 취하는 건 이율배반적""이라고 언급했다.제프 베이조스 아마존 창업자 US-ECONOMY-BUSINESS-FORUM ⓒ AFP=뉴스1제프 베이조스 아마존 창업자는 퍼플렉시티 AI 초기 투자자다. 베이조스는 지난해 1월 퍼플렉시티 시리즈 B 펀딩 라운드 'Bezos Expeditions Fund'에도 참여했다.다만 아마존 입장에서 외부 AI 에이전트의 자동 쇼핑을 내버려두면 자사 광고 사업 핵심인 스폰서 광고 사업이 타격을 입는 구조이기 때문에 대응할 수밖에 없을 것이란 분석도 나온다.AI 에이전트의 자동 상품 구매가 활성화되면 광고주들은 검색 결과 상단에 노출하는 스폰서 광고 등에 비용을 지출할 필요가 약해진다.전문가들은 이번 법적 충돌이 AI 에이전트 활동 범위를 규정하는 첫 시험대가 될 것으로 보고 있다.전 세계 현행법은 사람이 직접 구매하는 것을 전제로 제정돼 AI 에이전트의 활동 범위에 명확한 기준이 없는 상태다.이와 관련해 퍼플렉시티뿐 아닌 오픈AI·마이크로스프트(MS) 등도 AI 에이전트를 탑재한 브라우저를 앞다퉈 개발·출시하고, AI 기반 개인 맞춤형 쇼핑 시장에도 뛰어들고 있다.타사 플랫폼·브라우저 위에선 자신의 AI 에이전트가 제대로 기능하지 않을 수 있고 이를 협의한다고 해도 기존 기업이 우위를 점할 가능성이 높아서다.업계 관계자는 ""AI 비서가 상품을 구매할 때 어느 기업이 통제할 것인가라는 근본적인 질문이 시작됐다""며 ""AI 에이전트가 자신의 신원을 공개하고 플랫폼 기업의 명시적 허가를 받는 방향이 업계 표준으로 자리 잡을 것으로 예상된다""고 말했다.<용어설명>■ AI 에이전트AI 에이전트는 환경과 상호작용하고 데이터를 수집·분석한 후 사전 설정한 목표를 달성하고자 필요한 작업을 스스로 결정하고 수행하는 자율 지능형 시스템이다.■ RAGRAG(Retrieval-Augmented Generation·검색증강생성)은 대규모언어모델(LLM)의 텍스트 생성 능력에 검색한 실시간 정보를 결합해 더 정확하고 최신의 답변을 생성하는 기술이다.■ 헤게모니헤게모니(hegemony)는 특정 집단·기업·국가가 시장이나 사회 등서 다른 경쟁자들보다 주도권·영향력·패권을 가지고 전체 질서나 흐름을 주도하는 권력 구조를 의미한다. 단순히 힘으로 압도하는 지배가 아닌 사회적 합의와 자연스럽게 받아들여지는 영향력까지 포함하는 경우가 많다."
24,"AI데이터센터 전력수급, 원전 적극 활용 의지",https://n.news.naver.com/mnews/article/008/0005278020,"고리2호기 재가동, 왜갈수록 수요 급증, 신규원전 건설 한계최원호 원자력안전위원회 위원장이 13일 서울 중구 원자력안전위원회 대회의실에서 열린 제224회 원자력안전위원회 회의에서 위원들과 안건에 대해 논의하고 있다. / 사진제공=원자력안전위원회 이재명정부 출범 후 가동중단 원자력발전소의 계속운전(재가동) 결정이 처음 나왔다. 원자력안전위원회는 13일 고리2호기 원자력발전소(이하 고리2호기)의 재가동을 승인했다. AI(인공지능) 3대 강국 도약을 위한 정책에서 AI데이터센터 등 컴퓨팅 인프라의 확충이 매우 중요한 가운데 그간 걸림돌로 여긴 전력부족 문제를 해결할 수단으로 정부가 원전을 적극 활용하겠다는 의지로 읽힌다. 글로벌 시장조사기관 IDC에 따르면 국내 AI데이터센터 전력수요는 올해 4461㎿(메가와트)에서 2028년 6175㎿, 2035년 1만2700㎿로 급증이 예상된다. 하지만 신규원전을 통한 전력공급은 불가능하다. 원전건설에 7~10년이 소요되는데 현재 신규건설 중인 원전은 신한울3, 4호기와 신고리5, 6호기 4기에 불과해서다. 결국 기존 원전의 계속운전을 통해 상당수 전력을 감당해야 하는 상황이다. 원자력안전위원회, 원자력안전기술원 등에 따르면 국내 원전 26기 중 고리2호기를 포함해 계속운전 결정이 신청된 원전은 고리3, 4호기와 한빛1, 2호기, 한울1, 2호기 등이 있다. 앞으로 계속운전 신청대상 원전은 2030년까지 10기, 2045년까지 18기에 이를 것으로 보인다. 원자력안전법, 원안위 고시 등에 따르면 설계 수명기간(운영허가 기간)이 종료되더라도 안전성이 확보되면 10년을 한도로 원전을 추가 가동할 수 있다. 고리2호기의 계속운전 허가가 떨어지기까지는 난관이 많았다. 한국수력원자력이 고리2호기의 계속운전을 신청한 시점은 당초 운영허가 기간(1983~2023년)이 만료되기 1년 전인 2022년 4월이었다. 당초 올 6월 재가동을 목표로 했지만 올 9월, 10월 회의에서 자료보완 및 재검토 등을 이유로 결정이 미뤄졌다. 지난 9월 이재명 대통령은 취임 100일 기자회견에서 가동연한이 지난 원전도 안전성 확보를 전제로 수명을 연장해 쓸 수 있다고 밝혔다. 그럼에도 고리2호기 재가동 승인이 늦어지면서 ""원전에 비우호적인 정부 스탠스 때문""이라는 관측이 제기되기도 했다. 업계에서는 원전을 배제할 경우 막대한 전력을 소비하는 AI데이터센터 등을 운영하는 데 한계가 있다고 우려했다. 업계 관계자는 ""데이터센터의 지방이전 강제화도 전력수급 때문이었다""며 ""안전성 확보를 전제로 원전이 적극 활용되면 국내 AI데이터센터 확충은 수월해질 것""이라고 말했다."
25,"지스타 첫날, 택진이형 떴다…엔씨, 미공개 신작 최초 공개",https://n.news.naver.com/mnews/article/008/0005278017,"(부산=뉴스1) 윤일지 기자 = 13일 부산 해운대구 벡스코 제1전시장에서 열린 국내 최대 게임전시회 '지스타 2025'가 관람객들로 북적이고 있다. 16일까지 열리는 이번 지스타엔 총 3269개 부스, 44개국 1273개 국내외 게임사들이 참가했다. 게임 전시회를 비롯해 비즈니스 상담, 국제 게임 콘퍼런스(G-CON), 인디게임 쇼케이스, 지스타컵 2025, 지스타 게임 코스프레 어워즈 등 다양한 행사가 진행된다. 2025.11.13/뉴스1 Copyright (C) 뉴스1. All rights reserved. 무단 전재 및 재배포, AI학습 이용 금지. /사진=(부산=뉴스1) 윤일지 기자 ""MMORPG(다중접속역할수행게임)의 본질을 새로운 각도로 비추고 슈팅·액션·서브컬처 등 다양한 장르에서 우리만의 색깔이 있는 게임을 만들겠습니다."" 13일 김택진 엔씨소프트(이하 엔씨) 창업자(사진)가 부산 벡스코에서 열린 '지스타 2025' 오프닝 세션에서 기조연설을 맡아 이같이 말했다. 지난해 시작된 퍼블리싱 강화 및 라인업 다각화 전략을 이어가겠다는 의지로 해석된다. 김 창업자는 ""세상에 정답이 없듯 우리의 색깔이 담긴 게임을 만들고자 한다""며 ""우리의 색깔은 게임 안에서 승부가 아닌 사람간 사랑을 느낄 수 있다는 점""이라고 설명했다. 이날 엔씨는 미공개 신작 MMORPG '호라이즌 스틸 프론티어스'를 공개했다. 글로벌 인기 IP(지식재산권) '호라이즌'에 기반한 모바일게임으로 엔씨의 자체게임 플랫폼 '퍼플'을 통해 PC에서도 플레이할 수 있다. 호라이즌은 소니 산하 개발사 게릴라게임즈가 개발한 인기 오픈월드 액션 RPG 시리즈다. 이 시리즈의 대표작 '호라이즌 제로 던'은 2017년 출시돼 글로벌 누적 판매량이 2000만장을 넘는다. 이성구 호라이즌 스틸 프론티어스 총괄프로듀서는 ""출시시기는 소니인터랙티브엔터테인먼트나 게릴라게임즈와 협의해야 해서 확답은 못하겠다""면서도 ""내년 말부터 2027년 초 사이로 예상한다""고 말했다. 게임은 내년에 FGT(소수인원 테스트) CBT(비공개 베타테스트) 등을 진행하고 한국을 포함해 글로벌 동시 출시를 목표로 한다. 이 프로듀서는 호라이즌의 비즈니스모델(BM)에 대해 ""글로벌 이용자가 선호하는 착한 BM을 생각 중""이라며 ""갓차(확률형 아이템) 등 한국형 비즈니스모델을 도입하지 않는다""고 말했다. 올해 지스타 최대 기대작으로 꼽히는 '아이온2'는 오는 19일 출시를 앞뒀다. 백승욱 아이온2 총괄프로듀서는 ""아이온2의 지스타 시연 빌드는 지난달말 엔비디아 '지포스 게임 페스티벌'에서의 시연 때와 같은 빌드""라며 ""기대감 유지를 위해 대다수 콘텐츠는 잠겨있다""고 설명했다. 아이온2는 2008년 출시 당시 160주 연속 PC방 점유율 1위를 기록한 '아이온'을 원작으로 하는 트리플A(블록버스터)급 MMORPG다. 강력한 원작 IP 충성도와 함께 높은 자유도를 구현한 외형 커스터마이징, 다양한 기믹(관심을 끌기 위한 전략) 요소를 활용한 수동플레이 등이 장점이다. 백 프로듀서는 ""아이온2는 원작의 본질을 지키면서도 지금 세대에 맞게 태어난 작품""이라며 ""모든 준비가 끝난 상태""라고 했다.김택진 엔씨소프트 창업자가 '2025 게임대상' 오프닝 세션 현장에서 기조 연설을 진행했다./사진=뉴스1"
26,‘변신의 귀재’ H3N2 바이러스 확산… 올겨울 센 독감 온다,https://n.news.naver.com/mnews/article/020/0003674395,"H3N2 바이러스 7가지 변이 발견인플루엔자 환자 작년보다 3배↑노인 등 고위험군 백신 접종해야 유행 중인 인플루엔자 A형 바이러스 ‘H3N2’의 변이가 다수 발견되면서 전문가들은 최근 10년 중 올해가 최악의 독감 시즌일 가능성을 우려하고 있다. 게티이미지코리아올해 여름 호주, 뉴질랜드를 강타한 ‘인플루엔자(독감)’가 한국을 비롯해 일본, 영국 등 북반구에서 기승을 부리고 있다. 전문가들은 최근 10년 중 올해가 최악의 독감 시즌일 가능성을 우려하고 있다. 유행 중인 인플루엔자 A형 바이러스 ‘H3N2’의 변이가 다수가 발견되고 있기 때문으로 분석된다. 최근 질병관리청에 따르면 전국 인플루엔자 환자가 1년 전에 비해 3배 이상으로 늘어났다. 올해 43주 차(10월 19∼25일) 인플루엔자 의사환자 분율은 외래환자 1000명당 13.6명으로 1년 전(3.9명)의 3.5배 수준이다. 보건당국은 최근 10년 사이 가장 심했던 수준으로 독감이 유행할 수 있을 것으로 내다보고 있다. 국내 독감 확산세가 늦봄까지 이어질 수 있다는 분석도 나온다. 인플루엔자 바이러스는 남반구 감염 확산이 북반구 겨울로 이어지는 전형적인 ‘계절 역전 현상’이 나타나며 북반구에서 확산하고 있다. 북반구가 여름일 때 겨울 절기인 호주와 뉴질랜드에선 8∼9월 사이 평년보다 한 달 이상 빠르게 독감 환자가 급증했다. 유행 중인 H3N2 바이러스가 계속 변이하며 우려를 낳고 있다. 데릭 스미스 영국 케임브리지대 병원체진화센터 소장은 10일(현지 시간) 영국 BBC를 통해 “북반구에서 올해 여름 H3N2 독감 바이러스에 7가지 변이가 나타났고 이후 변이 바이러스에 대한 보고가 급격히 증가했다”며 “변이가 얼마나 강력한지 아직 연구 중이지만 그동안 감염이나 백신으로 생긴 인플루엔자에 대한 면역을 일정 부분 무너뜨리는 것으로 보인다”고 말했다. H3N2 변이 바이러스가 확산하며 영국, 일본 등 여러 나라에서 독감이 예년보다 일찍 확산되기 시작한 것으로 분석되고 있다. 세계보건기구(WHO)가 매년 2월 북반구에서 유행할 변이 바이러스를 예측해 백신에 포함하도록 권고하고 있지만 전문가들에 따르면 변이는 여름에 많이 발생한다. 올해 만들어지는 인플루엔자 백신이 완벽하게 변이 바이러스에 맞지는 않는다는 것이다. 특히 H3N2 바이러스는 또 다른 인플루엔자 바이러스인 H1N1에 비해 치명적인 것으로 알려져 우려가 커진다. 천은미 이대목동병원 호흡기내과 교수는 “H1N1 감염은 위장 계통 증상을, H3N2는 고열, 근육통 위주의 증상을 유발한다”며 “노년층 등 고위험군이 감염 증상을 극심하게 앓을 수 있어 H3N2 감염에 유의해야 한다”고 말했다. H3N2 바이러스 감염은 38도 이상의 고열과 오한, 근육통, 기침, 인후통, 콧물, 두통, 구토 등이 주된 증상이다. H3N2 바이러스는 항원 변이가 매우 빠르고 자주 일어나는 특징이 있어 백신 접종 효과가 상대적으로 낮은 것으로 알려져 있지만 전문가들은 그래도 인플루엔자 예방 접종을 서둘러야 한다고 조언한다. 백신이 완전히 감염을 막거나 바이러스 확산을 늦추는 결정적 역할을 하지 못할 수 있지만 감염 증상을 완화하는 데는 효과가 있기 때문이다. 인플루엔자 백신 접종으로 만들어진 항체가 체내에서 H3N2 변이 바이러스를 완전히 알아채고 억제하지 못해도 변이 이전 바이러스와 비슷한 부위를 인식해 방어 작용을 한다. 감염되더라도 증상이 훨씬 가볍게 지나가는 효과가 있을 수 있다는 것이다. 질병관리청도 “백신 접종 후 바이러스를 무력화시키는 능력인 중화능 형성이 확인되므로 백신 접종을 통해 예방 효과를 기대할 수 있다”고 설명했다."
27,"멈췄던 고리 2호기, 2년반 만에 재가동",https://n.news.naver.com/mnews/article/025/0003482611," 원자력안전위원회는 13일 전체회의를 열고 고리 원자력발전소 2호기 계속운전 허가를 의결했다. 사진은 이날 부산시 기장군의 한 포구에서 바라본 고리 2호기(왼쪽) 모습. 송봉근 객원기자 원자력안전위원회(이하 원안위)가 설계 수명 만료로 2년7개월째 가동이 중단된 부산 고리원자력발전소 2호기에 대한 계속운전을 세 번째 심의 만에 허가했다. 이번 결정으로 원전 사업자인 한국수력원자력(한수원)이 계속운전을 신청한 남은 9기 원전에 대한 계속운전 허가 가능성도 커졌다. 인공지능(AI) 인프라 구축의 필수 요소인 대규모 전력 공급이 이른 시일 내에 이뤄질 수 있게 됐다는 점에서 “한숨 돌렸다”는 평가도 나온다. 원안위는 13일 제224회 회의를 열고 고리 2호기 계속운전 허가 안건을 의결했다. 고리 2호기의 수명은 설계 수명 만료일(2023년 4월)로부터 10년 뒤인 2033년 4월까지로 연장됐다. 한수원은 설비 개선 등 준비 과정을 거쳐 내년 2월 고리 2호기 재가동에 들어갈 계획이다. 고리 2호기는 1983년 상업운전을 시작한 원전으로, 설비 용량은 685메가와트(㎿)다. 원안위는 9인 회의체지만, 최근 일부 위원들의 임기가 종료되면서 이날 회의에는 남은 6명 위원 전원이 참여했다. 회의에서는 과거 운영 허가 시점과 현재 시점 변화를 비교해야 계속운전의 적절성을 판단할 수 있다는 반대 의견(진재용 위원)도 나왔다. 하지만 최원호 원안위원장이 “과거 데이터가 향후 계속운전 영향 평가에 거의 의미가 없다”고 판단하면서 표결이 진행됐다. 그 결과 찬성 5인, 반대 1인으로 원안 의결됐다. 이날 회의에서는 현장 방청을 신청한 일부 환경단체 활동가들이 계속운전에 반대하며 소란을 피워 퇴장 조치를 당하기도 했다. 차준홍 기자 설계수명을 다한 원전의 계속운전이 허가된 건 이번에 세 번째다. 앞서 2007년과 2015년 계속운전이 허가된 고리 1호기와 월성 1호기는 문재인 정부의 탈원전 정책 영향으로 각각 2017년과 2019년 영구 정지됐다. 고리 2호기 역시 정책 영향으로 계속운전 신청 절차가 늦어졌다. 이 바람에 원안위 심의가 끝나기 전 설계수명 만료일이 도래해 가동이 중단됐다. 고리 2호기의 실질적인 추가 가동 기간은 앞으로 8년이 채 되지 않는다. 계속운전 기간은 원안위의 계속운전 허가 시점 기준이 아니라 설계수명 만료일로부터 10년이라서다. 재가동 시점은 늦춰졌지만, 원안위의 이번 결정은 계속운전을 신청한 남은 9기 원전의 수명 연장에 긍정적인 선례로 작용할 전망이다. 현재 고리 3·4호기도 설계수명이 만료돼 가동 중단 상태다. 정동욱 중앙대 에너지시스템공학부 교수는 “AI 인프라 확충에 필요한 에너지 수요를 감당하고 2035년 국가 온실가스 감축 목표(NDC)를 달성하기 위해선 안전성이 담보된 기존 원전의 수명을 늘리는 방법이 효과적”이라며 “남은 9기 원전에 대한 수명 연장에도 청신호가 켜졌다”고 말했다. ━ “원전 없인 AI 경쟁력 확보 어렵다”…남은 9기 연장이 관건 한국은 최근 엔비디아로부터 AI의 두뇌 격인 최신형 그래픽처리장치(GPU) 26만 장을 우선 공급받기로 했지만, 한편에선 이를 가동할 전력 공급 우려도 커졌다. 원안위는 이런 상황에서도 수명을 늘려 쓸 수 있는 원전의 계속운전 승인을 차일피일 미뤘다. 그 때문에 산업계 안팎에선 재생 에너지를 최우선으로 확대하면서도 기존 원전은 수명을 연장하겠다는 이재명 정부의 ‘원전 실용주의’에 대한 진정성에 의구심을 제기하는 목소리도 있었다. 하지만 이번 결정으로 AI 시대를 대비한 전력 확보라는 큰 산을 넘었다는 평가가 나온다. 초대형 AI 데이터센터 1기를 운영하기 위해 필요한 전력 용량은 500㎿ 안팎이다. 한국이 공급받기로 한 GPU 26만 장으로 데이터센터를 구축할 경우 감당해야 할 전력 용량은 약 500~600㎿로 추정된다. 고리 2호기의 설비 용량이 685㎿라는 점을 고려하면 전력 병목 현상을 가장 빠르게 해소할 수 있는 수단인 셈이다. 정용훈 KAIST 원자력양자공학과 교수는 “GPU 26만 장을 돌리기 위해선 최소 260㎿ 규모 전력 용량이 필요하고, 여기에 데이터센터 냉각에 필요한 전력까지 고려하면 500㎿ 이상 전력을 확충해야 한다”며 “관건은 향후 5년 안에 대규모 전력을 확보해야 한다는 것인데, 기존 원전의 수명을 연장하는 것이 가장 빠르고 경제적”이라고 말했다. 해외에선 안전성이 담보된 원전의 수명을 적극적으로 연장하고 있다. 미국의 경우 운영 허가 기간이 만료된 원전의 계속운전 승인율은 100%에 달한다. 심지어 지난해 9월 마이크로소프트(MS)는 영구 정지된 원전을 다시 사용하는 계약을 맺기도 했다. 스위스의 경우도 안전성 평가를 통과한 원전의 경우 무기한으로 운전을 허용하고 있다. 전 세계에서 가장 오래된 원전인 베스나우 원전(1969년 상업운전 시작)이 아직도 스위스에서 가동되고 있는 이유다. 문주현 단국대 에너지공학과 교수는 “AI 산업을 키워 국가 경쟁력을 높이겠다는 목표는 경제성과 안전성을 갖춘 원전을 배제한 상태에선 달성하기 힘들다”며 “미국 등에선 40년 이상 가동한 원전도 많고, 노후 원전이라도 계속승인 이후 최신 안전설비로 교체하는 작업을 진행하기 때문에 안전성은 크게 걱정할 필요가 없다”고 주장했다. "
28,"고리 원전 2호기, 2033년까지 연장",https://n.news.naver.com/mnews/article/023/0003940916,"정지 2년반 만에 재가동 승인‘AI 시대’ 위해 전력 확보 필수최초 운영 허가 기간 40년이 지나 2년 7개월째 멈춰 선 고리 원자력발전소 2호기 운영 기간이 2033년 4월로 10년 연장됐다.원자력안전위원회는 13일 회의에서 ‘고리 2호기 계속운전 허가안’을 표결에 부쳐 찬성 5인, 반대 1인으로 통과시켰다. 앞서 원안위는 지난 9월과 10월 두 차례 심의에서 의결을 보류했다가 세 번째로 심의한 이날 회의에서 허가안을 의결했다. 원자력 업계에서는 이번 결정이 큰 틀에서 이재명 정부의 에너지 정책 기조와 맞닿아 있는 것으로 평가한다. AI(인공지능) 세계 3대 강국을 목표로 내세운 정부가 데이터센터 확충 등으로 급증할 전력 수요를 감당하기 위해선 기존 원전의 운영 연장은 필수라고 판단했다는 것이다. 다음 달 운영 기간이 끝나 가동이 멈추는 한빛 1호기를 포함해 계속 운전 신청을 낸 원전 9기 재가동 허가도 탄력이 붙을 것으로 예상된다.하지만 원전업계에선 원전 운영 연장을 위한 심사 기간을 대폭 단축하고, 신규 원전 건설도 속도를 내야 한다고 지적한다. 고리 2호기의 경우, 한국수력원자력이 2022년 4월 운영 연장 신청을 했는데, 3년 반 만에 허가가 나왔다. 연장 기간도 가동을 멈춘 2023년 4월부터 계산하기 때문에 이날 10년 연장 결정에도 7년 5개월만 더 쓸 수 있다. 가동 중단한 2년 7개월은 고스란히 손실로 남게 됐다. 원전 업계는 이 기간 원전보다 비용이 비싼 LNG(액화천연가스)를 수입해 전력을 생산한 점을 감안하면 손실이 1조원 이상일 것으로 추산한다. 문주현 단국대 에너지공학과 교수는 “현재 10년인 운영 연장 기간도 미국처럼 20년으로 늘려야 한다”며 “원전 생태계 유지와 전력 수요를 충족하기 위해선 신규 원전 건설도 반드시 필요하다”고 했다.고리 2호 삼수 끝 ‘계속 운전’… “AI 시대, 다른 9기 심의 서둘러야”국내에서 40년 운영 기간이 다한 원전에 대해 추가 운영 허가가 난 건 2008년 고리 1호기, 2015년 월성 1호기에 이어 고리 2호기가 세 번째다. 이재명 정부 출범 이후 처음으로 원전 계속 운전을 승인한 사례이기도 하다. 원전 정책에 대해 모호한 입장을 보였던 이재명 정부에서 고리 2호기에 대한 계속 운전 승인이 난 데 대해 원자력 업계에선 현 정부의 에너지 정책이 문재인 정부 때 ‘탈(脫)원전’ 그림자에서 벗어나 ‘실용적 에너지 믹스’로 선회했다는 평가가 나온다.그래픽=박상훈부산 기장군에 있는 고리 2호기는 가압 경수로 방식의 출력 685메가와트(MW)급 원전으로 1983년 4월 9일 상업 운전을 시작했다. 설계 당시 허가 기간(40년)이 다해 2023년 4월 8일 가동이 중단됐다. 13일 원안위 승인으로 고리 2호기는 곧바로 재가동 준비 절차에 들어간다. 현재 진행 중인 설비 개선을 끝내고 정기 검사로 안전성을 확인한 뒤 내년 2월 발전을 재개한다는 계획이다. 한수원은 “고리 2호기 재가동은 AI, 데이터센터 등 미래 전력 수요 증가에 대한 안정적인 에너지 공급원으로서 국가 경제에 이바지할 것”이라고 밝혔다.◇심의 기간 단축하고 연장 기간 늘려야고리 2호기를 포함해 가동 연한을 늘려달라고 원안위에 신청한 원전은 10기에 달한다. 이 원전의 발전 용량은 8.45기가와트(GW)로 전체 원전 발전 용량(26.05GW)의 3분의 1에 해당한다. 이번처럼 원전 계속 운전 심의 기간이 길어져 가동이 중단되면, AI 시대 폭증하는 전력 수요에 대응하기 어렵다는 지적이 나오는 이유다.특히 정부가 AI 3대 강국을 공언한 상황에서 AI의 생명줄과 다름없는 전력 생산에 원전은 필수다. 엔비디아가 한국에 우선 공급하기로 한 GPU(그래픽처리장치) 26만장을 안정적으로 가동하기 위해서는 냉각과 인프라까지 포함해 최대 1GW(기가와트) 전력이 필요하다. 이는 고리 2호기의 1.5배에 육박하는 수준이다. 여기에 국가온실가스 감축목표(NDC)도 이루려면 기존 원전 운영을 중단하면 안 되는 상황이다.원안위는 현재 운영 허가 기간이 끝나 가동이 중단된 고리 3·4호기에 대한 심의는 내년 상반기 끝낸다는 계획이다. 같은 이유로 다음 달 멈춰서는 한빛 1호기는 내년 하반기 심의를 마친다는 목표다. 한울 1·2호기는 2027년 상반기에, 월성 2·3·4호기는 2027년 하반기에 재가동 허가 여부를 결정할 예정이다. 원안위가 올해 국정감사 업무보고에 밝힌 대로 심의가 진행될 경우, 한울 1·2호기와 월성 3·4호기는 가동 연한이 끝나기 전에 연장 허가를 받게 돼 발전이 중단되지 않는다.앞서 고리 2호기는 문재인 정부의 탈원전 정책 탓에 운영 연장 신청이 늦어지면서 2년 넘게 가동을 멈춰야 했다. 정재학 경희대 원자력공학과 교수는 “원전을 새로 지으려면 수조 원씩 드는데, 가동 연한이 끝났다고 기존 원전을 멈춰 세우는 것만큼 낭비도 없다”며 “이재명 정부는 전력 문제에는 정치적 입장을 떠나 실용주의적 노선을 택하고 있다는 것이 이번 재가동 허가에 반영된 것으로 판단된다”고 했다.◇“기존 원전 안전성도 신규 원전이 뒷받침”현재 원전 기술력 등을 감안할 때 10년 주기인 운영 연장 기간을 20년 이상으로 늘려야 한다는 지적이 나온다. 미국은 원전 92기 중 84기(약 90%)가 기존 40년 수명에 20년 추가로 운영을 허가받았다. 특히 버지니아에 있는 서리(Surry) 1호기는 1972년 상업운전을 시작했는데 두 차례 운영 기간이 연장돼 현재는 2052년까지 가동이 가능하다. 전체 운영 기간이 80년이다. 미국은 지난해 ‘2050 원자력 확대 로드맵’을 통해 최대 80년인 원전 운영 기간을 100년까지 늘리는 방안도 제시했다. 후쿠시마 원전 사고를 겪은 일본도 일부 원전은 40년에서 20년을 연장해 최대 60년까지 운전할 수 있게 됐다. 프랑스도 60년까지 연장이 가능하고, 스웨덴도 지난해 60년에서 80년으로 연장하겠다는 방향을 발표했다. 국제원자력기구에 따르면, 전 세계 원전 416기 중 189기(45%)가 40년 이상 가동 중이다. 전문가들은 고리 2호기를 비롯해 국내 원전도 80년 이상 무난하게 쓸 수 있는 것으로 분석한다. 최성민 KAIST 원자력 및 양자공학과 교수는 “AI 인프라 확충에 필요한 에너지 수요를 감당하기 위해서라도 다른 나라처럼 연장 허가 기간을 20년씩 늘리는 방안을 적극적으로 검토해야 한다”고 했다.한편 이날 원안위 결정에 대해 환경 단체는 반발했다. 에너지정의행동은 성명을 내고 “국민 안전을 포기한 결정이며 절차적 위법에도 강행한 위헌적 결정”이라며 승인 철회를 요구했다. 이들은 “출범 초기부터 핵발전 안전 강화를 강조해온 정부가 실용이라는 단어 뒤에 숨어 비민주적이고 위험한 수명 연장 절차를 묵인했다”며 “이재명 정부는 고리 2호기를 비롯한 모든 노후 핵발전소 영구 정지를 결정하라”고 밝혔다."
29,"전략 바꾼 국내 게임사, 현질 버리고 흥행 검증된 IP 꺼냈다",https://n.news.naver.com/mnews/article/025/0003482555," ━ 지스타 2025 부산서 개막 국내 최대 글로벌 게임전시 ‘지스타 2025’가 13일 부산 벡스코에서 개막했다. 관람객들이 넷마블 시연 부스에서 게임을 즐기고 있다. 송봉근 객원기자 ‘착한’ 게임을 만들고, ‘아는 맛’을 꺼내들었다. 13일 부산 벡스코(BEXCO)에서 열린 국내 최대 게임 전시회 ‘지스타(G-STAR) 2025’에선 국내 게임사들의 이같은 전략 변화 모습이 두드러졌다. 막대한 돈을 쓰는 소수 게이머보다 적게 써도 수가 많은 일반 게이머에 더 집중하고, 대신 흥행력이 검증된 기존의 IP(지식재산권)를 다양한 장르 게임으로 변주해 안정적인 수익 모델을 모색하는 식이다. 엔씨소프트 ‘아이온2’ 시연존에는 100m이상 긴 대기 줄이 늘어섰다. [사진 엔씨소프트] 이번 지스타 메인 스폰서로 참여한 엔씨소프트가 대표적이다. 오는 19일 정식 출시 예정인 게임 ‘아이온2’ 대규모 시연 부스를 설치한 엔씨는 아이온2 과금 구조를 기존 리니지M 등과 달리 배틀패스(월정액 상품)와 스킨(캐릭터 치장)으로 구성했다. 엔씨 부스엔 아이온2를 시연해 보려는 사람들이 몰리면서 대기 시간이 2시간 이상을 넘기기도 했다. 엔씨는 이날 소니 인터랙티브 엔터테인먼트(소니)와 협업 사실도 공개했다. 소니의 유명 IP인 호라이즌 시리즈를 다중접속역할수행게임(MMORPG)로 재해석한 게임이다. 이성구 호라이즌 스틸러스 프론티어스 총괄 프로듀서는 게임 과금 구조에 대해서도 “(멤버십과 스킨 위주의) 아이온2와 같은 착한 비즈니스 모델(BM) 결을 가져갈 계획”이라고 말했다. 크래프톤은 ‘팰월드 모바일’을 첫 공개했다. 김민정 기자 과금을 대신해 게임사들이 선택한 건 꾸준히 인기를 끄는 IP(지적재산권) 활용이다. 오랫동안 사랑받아왔거나 흥행성과가 검증된 IP를 활용해 새로운 이용자층을 확보한다는 전략이다. 넷마블은 이날 출품한 5개 게임 가운데 3개 게임이 원작 IP가 따로 있는 게임이었다. 웹소설 ‘나 혼자만 레벨업’(나혼렙) IP를 활용한 ‘나혼렙: 카르마’, 만화·애니메이션 ‘일곱 개의 대죄’ IP를 활용한 ‘일곱 개의 대죄: 오리진’, 2013년 출시된 원작 게임 ‘몬스터 길들이기’의 후속작인 ‘몬길: 스타 다이브’ 등이다. 크래프톤의 출품작 ‘팰월드 모바일’도 일본에서 만든 글로벌 히트 게임 ‘팰월드’를 모바일 재해석해 만든 게임이다. 업계가 대형 IP 신작에 공을 들이는 이유는 원작 팬을 새로운 이용자 층으로 끌어들일 수 있기 때문이다. 지스타 현장에서 기자들과 만난 권도형 넷마블네오 총괄 PD는 나 혼자만 레벨업 IP에 대해 “아직도 애니메이션 방영이 지속되고 있는 성장하는 IP”라며 “게임 외 장르에서 흥행하는 IP와 협업해 팬들에게 다가가려 하고 있다”고 말했다. 오는 16일까지 열리는 이번 지스타에는 총 44개 국가에서 1273개 회사가 참여했다. "
30,"""엄마, 나만 빼고 다 있어""…역대급 돌풍에 없어서 못 판다는 '이것', 뭐길래?",https://n.news.naver.com/mnews/article/011/0004555681,"AP연합뉴스[서울경제] 닌텐도의 최신 콘솔 게임기 '스위치2'가 역대 최고가 책정에도 불구하고 예상을 뛰어넘는 판매 실적을 거두며 게임업계의 주목을 받고 있다. 닌텐도는 물론 국내 총판을 맡은 신세계아이앤씨, 핵심 반도체를 공급하는 삼성전자까지 수혜를 입으며 콘솔 게임 시장의 부활을 알리고 있다.12일 IT업계에 따르면 지난 6월 출시된 닌텐도 스위치2는 9월까지 전 세계에서 1036만대가 판매됐다. 국내 판매가는 단품 64만8000원, '마리오카트 월드' 동봉 세트는 68만8000원으로 닌텐도 게임기 역사상 최고가지만 흥행 가도를 달리고 있다. 일본 내수용 가격 4만9980엔(약 47만원)과 비교하면 국내 소비자는 20만원가량 더 지불하는 셈이다.출시 초기 품귀 현상은 지금까지 이어지고 있다. 6월 한국과 미국에서 품절 사태가 벌어졌고 중고거래 플랫폼에서는 프리미엄 가격에 거래되는 사례가 속출했다. 일본에서는 사전 예약에만 220만명이 몰렸으며 출시 4개월이 지난 현재도 구매 대기 상태가 지속되고 있다. 후루카와 슌타로 닌텐도 사장은 ""해외는 적정 재고를 확보했으나 일본 내에서는 원하는 시기에 구매할 수 있는 상황이 아니다""라며 ""스위치2가 기대 이상의 출발을 보였다""고 밝혔다.닌텐도는 당초 내년 3월까지 1500만대 판매를 전망했으나 최근 1900만대로 목표를 상향 조정했다. 연말 크리스마스 시즌 수요를 감안하면 올해 매출은 전년 대비 93% 증가한 2조2500억엔(약 21조3000억원)에 달할 것으로 예측된다. 이는 닌텐도 역대 최대 매출 기록이다.신세계아이앤씨는 스위치2 판매 호조로 지난 3분기 IT 유통 매출 432억원을 기록하며 전년 동기 대비 8.5% 성장했다. 4분기 크리스마스 특수까지 더해지면 매출 증가세는 당분간 지속될 전망이다.삼성전자는 스위치2의 핵심 반도체인 엔비디아 설계 시스템온칩(SoC) '테그라'를 8나노 공정으로 생산하며 수혜를 받고 있다. 전작 스위치에서 대만 TSMC가 담당했던 물량이 이번에는 삼성전자로 넘어왔다. 콘솔 게임기에는 메모리를 포함한 다수의 반도체 부품이 들어가며, 그간 반도체 업계에서 주목하지 않았던 콘솔 시장이 새로운 수요처로 급부상하고 있다. 시장조사업체 GMI는 글로벌 게임 콘솔 시장 규모가 지난해 55억8000만달러를 기록했으며, 2025년부터 2034년까지 연평균 5% 이상 성장할 것으로 내다봤다."
31,"퀄컴, 차세대 산업용 프로세서 '드래곤윙 IQ-X' 공개",https://n.news.naver.com/mnews/article/092/0002398366,"산업용 PLC, 엣지 컨트롤러, 박스 PC 위해 견고성 강화퀄컴이 13일 자체 개발 Arm 호환 오라이온 CPU 기반 차세대 산업용 프로세서 '드래곤윙 IQ-X'를 공개했다.드래곤윙 IQ-X 시리즈는 프로그래머블 로직 컨트롤러(PLC), 고급 인간-머신 인터페이스(HMI), 엣지 컨트롤러, 패널 PC, 박스 PC 등 산업 현장의 다양한 기기를 위해 설계됐다.TSMC 4나노급 공정에서 생산된 퀄컴 오라이온 CPU는 8코어에서 12코어까지 선택 가능하며 최대 45 TOPS(1초당 1조 번 연산) AI 연산이 가능한 헥사곤 NPU를 내장했다.퀄컴 드래곤윙 IQ-X 개발키트 시제품. (사진=지디넷코리아)윈도11 IoT 엔터프라이즈 LTSC 기반으로 Qt, 코드시스, 이더캣 등 산업 현장에 널리 쓰이는 소프트웨어, 미들웨어와 응용프로그램, 개발 도구를 폭넓게 지원한다.산업용 PC에 요구되는 영하 40도에서 105도 사이 작동을 지원하며 산업 표준 COM 모듈 폼팩터를 지원해 기존 캐리어 보드에 드롭인 방식으로 쉽게 교체할 수 있다.드래곤윙 IQ-X 탑재 산업용 기기는 퀄컴 AI 소프트웨어 스택과 ONNX, 파이토치 등 런타임을 활용해 오라이온 CPU와 헥사곤 NPU의 AI 연산 성능을 활용한 다양한 엣지 AI 응용프로그램을 구동할 수 있다.드래곤윙 IQ-X는 45 TOPS급 NPU로 스마트 팩토리 등 엣지 AI 기반 자동화를 실현한다. (사진=퀄컴)나쿨 두갈 퀄컴 오토모티브, 산업 및 임베디드 IoT 부문 본부장은 ""드래곤윙 IQ-X 시리즈는 오라이온 CPU의 우수한 성능을 산업용 PC에 도입해 더욱 고도화된 스마트 팩토리와 강력하고 고성능의 엣지 컨트롤러 구현을 실현한다""고 설명했다.이어 ""드래곤윙 IQ-X 시리즈는 OEM과 ODM이 복잡성을 줄이고 시장 출시 기간을 단축하며, 향후 수 년간 경쟁력 있는 산업용 솔루션을 개발할 수 있는 토대를 제공한다""고 부연했다.어드밴텍, 콩가텍, 콘트론, 넥스컴, 포트웰, 세코, 트리아 등 주요 글로벌 장비 제조사가 드래곤윙 IQ-X 시리즈 플랫폼을 채택했고 이를 탑재한 상용 기기는 향후 몇 개월 안에 공개 예정이다."
32,"고리 2호기, 두 차례 보류 끝에 '수명 연장' 결정",https://n.news.naver.com/mnews/article/052/0002272882,"2023년 '40년 설계수명' 종료로 원자로 가동 정지원안위, 계속운전' 위한 안전성 등 검토계속운전 여부 두 차례 연기되면서 의구심 키워[앵커] 원자력안전위원회가 두 차례나 심의를 보류했던 고리 원전 2호기의 수명을 연장하기로 했습니다.오는 2033년까지 가동될 예정인데, 설계 수명이 다한 다른 원전들의 가동 여부에도 관심이 쏠리고 있습니다.임늘솔 기자가 보도합니다.[기자] 지난 2023년 40년 설계수명이 종료되면서 원자로 가동이 정지된 고리 2호기.이후 원자력안전위원회는 '계속운전'을 위한 안전성과 향후 이행 계획에 대한 검토에 들어갔습니다.하지만 당초 지난 9월에 결론이 나야할 '계속운전' 안건은 두 차례나 연기되면서 재가동 여부에 대한 의구심을 키웠습니다.[진재용/ 원자력안전위원회 비상임위원 : 9월과 10월 회의에서는 3건의 신규 고시 제정, 사고 관리 계획서 승인 등 다른 중요한 안건과 같이 심의가 진행되었기 때문에 계속 운전 허가에 대한 심의에 투입할 수 있는 시간 자체가 적었습니다.] 원안위는 우여곡절 끝에 이번 회의에서 '계속운전'을 승인하면서 가동 정지 2년 반 만에 연장 운행이 결정됐습니다.이에 따라 고리 2호기는 오는 2033년까지 가동될 예정입니다.전문가들은 고리 2호기의 안전성에 문제가 없고, 경제적인 측면에서도 신규로 원전을 건설하는 것보다 낫다는 입장입니다.[정범진 / 경희대 원자력공학과 교수 : 고리 2호기는 동일한 발전소가 외국에서 돌아가고 있고요. '계속운전'도 하고 있고, 안전성 차원에서 기술적으로 계속 운전을 안 할 이유가 없는 것이고요. 감가상각이 다 끝난 발전소에서 전기를 생산할 수 있다는 것은 국민에게는 더 싼 값으로 전기를 공급할 수 있는 것이니까 바람직한 일이고요.]하지만 노후 원전은 정밀 점검과 보수를 위한 비용이 증가하고 사고 위험도 더 크다는 반대의 목소리도 여전합니다.원안위는 앞서 지난 6월에는 2017년부터 영구정지된 고리 1호기에 대해 해체를 승인했습니다.이번 결정은 한수원이 10개 원전에 대해 신청한 계속운전 심사의 첫 사례로, 고리 3호기와 4호기 등 다른 원전에 대한 심사 결과도 주목됩니다.YTN 사이언스 임늘솔 입니다.영상편집 : 황유민※ '당신의 제보가 뉴스가 됩니다'[카카오톡] YTN 검색해 채널 추가[전화] 02-398-8585[메일] social@ytn.co.kr"
33,인공태양 유치전 카운트 다운…강점 알리기 주력,https://n.news.naver.com/mnews/article/056/0012066148,"[KBS 광주] [앵커] 꿈의 에너지라 불리는 핵융합 연구시설, 인공태양 연구시설 유치 신청이 오늘(13일) 마감됐습니다. 나주를 비롯해 4곳의 지자체가 도전장을 내밀었는데요. 나주는 입지 조건 등 세 가지 평가 항목에서 앞서고 있다며, 유치에 사활을 걸고 있습니다. 최정민 기자입니다. [리포트] 태양이 에너지를 만드는 원리와 비슷해 인공태양이라 불리는 핵융합 실험. 1그램의 연료로 석유 8톤의 에너지를 얻을 수 있는 청정 에너지원입니다. 정부가 추진하는 인공태양 연구시설에 나주 등 4개 지자체가 뛰어들었습니다. 4곳 모두 50만㎡ 이상의 부지와 4차선 이상 진입로를 갖추고 있는 가운데 나주는 더 많은 장점을 강조하고 있습니다. 우선 핵융합 시설의 첫 번째 조건인 지질 안전성입니다. 나주시가 제안한 인공태양 부지는 에너지국가산단으로 지정된 이곳 왕곡리 일대입니다. 단단한 화강암 지반인데다 지난 20년동안 규모 3.0의 지진이 한차례도 발생하지 않은 안전한 곳으로 꼽히고 있습니다. 또 에너지 특화대학인 한국에너지공과대학에 인공태양 8대 핵심기술 가운데 하나인 초전도 도체 시험설비가 들어설 예정이어서 핵융합 연구기반의 시너지 효과도 기대할 수 있습니다. 특히 나주는 전력공기업과 전력 기업 670여 곳이 밀집해 있어 에너지 산업 생태계가 구축된 점도 장점으로 평가받습니다. 혁신도시가 있어서 교통과 정주 여건도 좋고, 주민 수용성도 상당히 높은 상탭니다. [강상구/나주시 부시장 : ""(연구시설은) 핵심 국가 중요시설입니다. 이런 시설들이 분산 투자 되어야 한다고 생각하고 있고요. (전남이) 다른 시도에 비해 (R&D) 예산 비중이 낮습니다. 그래서 확대 되어야 합니다.""] 과기정통부는 앞으로 일주일 동안 지자체 4곳을 대상으로 현장조사를 벌인 뒤 발표 평가를 거쳐 이달 말 최종 후보지를 발표할 예정입니다. 5년 전 방사광 가속기 유치 실패로 한번 고배를 마신 나주가 이번에는 1조2천억 원 규모의 인공태양 연구시설을 유치로 에너지 수도를 완성할 수 있을 지 주목됩니다. KBS 뉴스 최정민입니다. 촬영기자:이승준"
34,"국정원 ""KT 일부 가입자 스마트폰, SMS 암호화 무력화됐다""",https://n.news.naver.com/mnews/article/469/0000897473,"국정원, 암호화 해제 현장 직접 검증과기정통부·KT에 9월 공식 통보국가정보원이 9월 KT 스마트폰에서 문자 메시지(SMS) 암호화가 해제되는 현상을 직접 확인하고 이를 국가 사이버 안보를 위협할 수 있는 중대한 정보로 판단해 KT와 과학기술정보통신부에 공식 통보한 것으로 드러났다. 사진은 13일 서울 종로구 KT광화문빌딩. 뉴스1KT 일부 스마트폰에서 문자 메시지(SMS)를 보호하는 '종단 암호화' 기술이 무력화된 사실이 공식 확인됐다. '무단 소액결제' 해킹 사건에서 해커가 피해자들의 SMS·자동응답시스템(ARS) 인증 정보를 빼낸 사실이 확인된 가운데 국가정보원이 KT 일부 스마트폰의 종단 암호화가 풀릴 수 있다는 점을 밝히면서 SMS 내용이 제3자로도 유출될 수 있다는 의혹이 확산하고 있다.13일 국회 과학기술정보방송통신위원회 위원장인 최민희 더불어민주당 의원이 국정원으로부터 받은 보고에 따르면 국정원은 9월 KT 일부 단말의 문자 통신 암호화 해제 현상을 직접 검증하고 이 내용이 국가 기간통신망 보안과 국민 정보 보호에 심각한 위협이 될 수 있다는 판단 아래 과학기술정보통신부와 KT에 공식 통보했다. 종단 암호화란 송신부터 수신까지 모든 과정에서 중간 서버가 메시지 내용을 볼 수 없게 하는 국제 표준 기술로 국내 이통 3사는 모두 이를 적용하고 있다. 다만 국정원은 암호화 해제 경위, 영향을 받은 기종, 실제 정보 유출 발생 여부 등 구체적 사항은 공개하지 않았다.최 의원은 민관합동조사단도 KT 가입자 전체에 같은 현상이 재현될 가능성을 두고 전면 조사 중이라고 보고했다고 밝혔다. 실제로 앞서 무단 소액결제 해킹 사건에서 범죄자들이 불법 펨토셀을 악용해 SMS·ARS 인증정보를 평문 상태로 탈취한 사실이 기술적으로 확인됐다. 조사단은 현재 인증 정보 외에도 일반 문자·통화 데이터까지 해커 접근이 가능한지 분석 중이다.KT가 2024년 3월 'BPF도어' 악성코드 감염 사실을 알면서도 즉시 공개하지 않고 대만 보안업체 트렌드마이크로에 백신 업데이트만 요청한 채 은폐를 시도한 정황이 민관합동조사에서 드러났다고 최 의원은 밝혔다. 트렌드마이크로는 당시 한국 통신사 대상 BPF도어 공격 사실을 발표했으나 피해 기업을 특정하지 않은 바 있다. 이후 KT 측은 국회 보고에서 ""피해 사례가 없었다""고 주장했지만 실제로는 43대 서버가 감염됐고 이 중에는 가입자 개인 정보가 저장된 서버도 포함돼 있었다최 의원은 ""국정원이 문자 암호화가 해제된다는 사실을 KT에 통보했음에도 대응이 제대로 안 됐고 또 BPF도어 악성코드 감염 사실을 알고도 KT가 조직적으로 은폐한 것이 드러났다""며 ""KT 경영진의 책임을 끝까지 묻겠다""고 했다. KT는 ""정부 조사에 성실히 임하겠다""고 밝혔다. "
35,"“부장님 변덕 심해” “도저히 못 참겠다”…직장인 스트레스 장난 아니더니, 놀라운 변화",https://n.news.naver.com/mnews/article/016/0002557523,"드라마 ‘서울 자가에 대기업 다니는 김 부장 이야기’의 한 장면. [유튜브 갈무리][헤럴드경제=권제인 기자] “상대방은 업무의 정확성과 완벽성을 매우 중요하게 생각합니다. 원활한 소통을 위해 구체적인 데이터와 해결 방안 제시가 필요합니다.”상사와의 대화 ‘꿀팁’까지 알려주는 인공지능(AI) 비서가 나왔다. 상사와의 통화 내용을 활용해 상대방의 소통 스타일, 습관을 분석하고 관계관리 팁까지 정리한다. 상사와의 커뮤니케이션에 스트레스를 받던 직장인이라면 환영할 기능이다. LG유플러스는 개인 맞춤형 AI 서비스 ‘익시오(ixi-O)’를 통해 고객의 시간을 아끼고 편의를 강화할 계획이다.LG유플러스가 13일 서울 종로구에서 공개한 ‘익시오 2.0’을 직접 체험해봤다. 익시오 2.0은 통화내용을 단순 기록하고 요약하는 것을 넘어, AI를 활용해 맥락을 이해하고 사용자의 질문에 답변하는 것이 특징이다.직장 상사와의 통화를 마친 뒤 LG유플러스 익시오로 통화 상대를 분석하자 AI가 관계 관리 팁을 조언해주고 있다. [권제인 기자/eyre@]‘AI 대화 검색’ 서비스는 통화에서 궁금한 내용을 직접 찾을 필요 없이, AI에 질문하고 답변을 받는 기능이다. 익시오 앱에서 통화한 이력을 찾아 “지난주에 친구가 생일선물로 뭘 받고 싶다고 했지?”라고 질문하면 통화 내용을 기반으로 AI가 답변을 찾아준다. 지난 통화를 한눈에 요약하도록 하거나, 할 일을 정리시킬 수도 있다.특히, 통화 내용을 기반으로 상대방의 대화방식이나 감정을 분석해 ‘커뮤니케이션 팁’도 제공한다. 직장 상사와의 통화를 마친 뒤 ‘통화 상대 분석’을 누르면 AI가 상대방과 나의 관계, 감정 흐름, 행동 및 습관, 관계관리 팁까지 정리한다.시연에서는 팀장과 통화로 일본 출장에 대한 통화를 마친 뒤 분석을 요청하자 AI는 상대와의 관계를 ‘업무 관계’로 판단하고 일본 출장 준비, 입찰 관련 업무, 자료 정리 및 백업 등이 반복되므로 기억해 두는 것이 좋겠다고 안내했다.또한, 통화 상대방을 ‘계획형’이라고 평가한 뒤 “상대방은 업무에 대한 책임감이 강하고, 주어진 업무를 꼼꼼하게 처리하는 성향을 보인다”며 “돌발 상황 발생 시 신속하게 대처할 수 있도록 비상 연락망을 확보하고, 상대방이 어려움을 겪을 때 지원할 수 있는 방안을 마련해 두는 것이 좋다”고 조언했다.13일 캐런 티오(왼쪽부터) 구글 아시아 태평양 플랫폼·디바이스 파트너십 총괄(부사장)과 이재원 LG유플러스 컨슈머부문장(부사장), 이상엽 LG유플러스 CTO(전무)가 익시오 AI 비서를 소개하고 있다. [LG유플러스 제공]한편, LG유플러스는 이날 통화 중 대화 맥락을 실시간으로 이해하고 필요한 정보를 제공하는 ‘익시오 AI 비서’도 공개했다. 익시오 AI 비서는 고객이 통화 중 “헤이, 익시”라고 부르거나 호출 버튼을 누르면 AI가 통화에 참여해 정보를 찾고 결과를 공유한다.LG유플러스는 올해 말까지 일부 고객을 대상으로 베타 서비스를 운영하며 발생한 피드백을 적용해 익시오 AI 비서의 기능을 고도화할 계획이다. 이후 내년 상반기 모든 익시오 이용 고객에게 AI 비서 기능을 오픈할 방침이다.최윤호 LG유플러스 AI 에이전트추진그룹장(상무)은 “전체 고객 중 하루 평균 135만명이 통화 중 휴대폰 화면을 보며 뭔가를 확인하거나 정보를 검색한다”며 “익시오 AI 비서는 통화를 이탈하지 않고도 날씨, 환율, 뉴스 등 필요한 정보를 즉시 확인해준다”고 설명했다."
36,"청소년부터 중장년까지 긴 대기줄…K게임 부활, 뜨거운 열기",https://n.news.naver.com/mnews/article/032/0003408668,"막 오른 국내 최대 게임쇼 ‘지스타 2025’…부산 벡스코서 16일까지국내외 게임팬들 아침부터 북적주요 게임사 대표작·신작 선보여올 메인 스폰서 엔씨 초대형 부스출시 앞둔 ‘아이온2’ 등 체험 인기작년보다 규모 줄어 일각 ‘침체론’이 정부 게임 친화 행보엔 ‘기대감’게임천국으로 입장 “줄을 서시오” 13일 오전 부산 벡스코에서 개막한 국내 최대 게임쇼 ‘지스타 2025’에서 관람객들이 신작 게임 체험을 하기 위해 대기하고 있다. 올해 지스타에는 총 44개국에서 1273개 업체가 참여했으며 오는 16일까지 열린다. 연합뉴스인기 애니메이션 <체인소맨>의 악당 마키마, <짱구는 못말려> 속 액션 가면, 할리우드 대표 슈퍼 히어로 스파이더맨이 부산에 나타났다. 올해로 21주년을 맞은 국내 최대 게임 전시회 ‘지스타 2025’가 13일 부산 벡스코에서 막을 올리면서다.이날 나흘간의 여정을 시작한 지스타는 전국에서 모인 게이머로 아침부터 북적거렸다. 갖가지 캐릭터로 분장한 ‘코스어’(코스튬 플레이어)가 시선을 끌었고, 관람객들은 이들의 모습을 카메라에 담느라 여념이 없었다. 지스타를 주최하는 한국게임산업협회에 따르면 올해 지스타에는 44개국 1273개사가 참여하고 부스는 3269개가 꾸려졌다.국내외 주요 게임사들은 저마다 대표 게임 및 신작 관련 부스를 차리고 게임 팬들을 맞았다. 올해 메인 스폰서를 맡은 엔씨소프트의 부스 300개는 특히 인기였다. 곧 출시될 신작 ‘아이온 2’를 미리 해보기 위해 수백명이 늘어서면서 오후 한때 대기 시간이 2시간을 훌쩍 넘기기도 했다.게임‘호라이즌’ 속 캐릭터 에일로이로 분장한 코스어 실버(닉네임)가 지스타 2025 첫날인 13일 부산 벡스코 앞에서 포즈를 취하고 있다크래프톤은 기대작 ‘팰월드 모바일’ 체험존과 배틀 그라운드 테마의 카페를, 넷마블은 ‘이블베인’ 등 5개 신작을 미리 해볼 수 있는 공간을 마련했다.게임이 10~20대 남성의 전유물로 여겨지는 것과 달리 이날 현장에 모인 이들의 연령과 성별, 국적은 다채로웠다. 유아차에 어린 자녀를 태운 30대 부부부터 외국인 게이머, ‘나홀로 관람’에 나선 중장년층까지 1시간 넘는 대기 행렬에 기꺼이 합류했다.20년 경력의 코스어 실버(34·닉네임)도 연차를 쓰고 경기 일산에서 부산까지 날아왔다. 인기 액션 롤플레잉 게임 ‘호라이즌’ 속 에일로이 캐릭터로 변신한 그는 “매년 이 시기에 바쁜 회사를 다니다 최근 이직을 하면서 올해 처음으로 연차를 쓰고 왔다”며 “규모가 크고 볼거리도 많아 재미있다”고 말했다.‘게임 꿈나무’들도 눈에 띄었다. 권나경양(16·경북 구미정보고 메타커머스과)은 이날 체험학습을 위해 처음 지스타를 찾았다. 그래픽디자인, 가상현실(VR) 콘텐츠를 공부하는 권양에게 게임 전시로 가득한 지스타는 학교나 마찬가지다. “실제로 와보니 모든 게 신기하다”는 그는 크래프톤의 ‘팰월드 모바일’을 기대작으로 꼽기도 했다.일각에선 올해 지스타가 예년보다는 못하다는 우려의 목소리도 나온다. 20주년으로 역대 최대 규모를 자랑했던 지난해와 비교하면 참가사(1375개→1273개)와 부스(3359개→3269개) 모두 줄었다. 넥슨, 펄어비스 같은 국내 대형 게임사부터 일본·중국 등 해외 주요 업체가 줄줄이 불참했기 때문이다.한 게임업계 관계자는 “작년과 비교하면 확실히 볼거리가 적다는 인상”이라며 “지스타보다 개별 행사를 열거나, 게임스컴(독일)이나 도쿄게임쇼(일본) 같은 글로벌 전시회에 나가는 사례가 많다”고 말했다.실제 게임 ‘원신’으로 잘 알려진 중국 게임사 호요버스는 지스타에 참가하는 대신 지난달 일산 킨텍스에서 열린 단독 오프라인 행사를 통해 팬들을 만났다.한편으론 희망 섞인 분위기도 읽혔다. 이재명 대통령이 “게임은 중독 물질이 아니다”라고 말하는 등 게임 친화적 행보를 보여온 만큼 게임산업 육성에 적극적일 것이라는 기대다.개막 전날까지 이 대통령의 지스타 방문설이 돌기도 했다. 그러나 이 대통령의 지스타 방문은 이뤄지지 않을 것으로 보인다. 정청래 대표를 비롯한 더불어민주당 지도부가 14일 부산을 찾는 것으로 알려졌다. 부산 | 글·사진 최민지 기자 ming@kyunghyang.com"
37,"다음, 6년만에 연예 기사 '댓글' 부활",https://n.news.naver.com/mnews/article/018/0006163716,"'타임톡' 베타 서비스 가동, 2019년 이후 처음[이데일리 김유성 기자] 다음이 6년 만에 연예 기사에 ‘댓글’을 부활시켰다. 포털 사이트로 줄어든 옛 위상을 다시 살리기 위한 노력 중 하나로 풀이된다. 13일 IT 업계에 따르면 다음은 이날부터 연예 기사 대상 ‘타임톡’ 베타 서비스를 가동했다. 2019년 연예 기사 댓글을 중단한 이후 처음이다. 다만 과거와 같은 명예훼손·악성 댓글 논란을 차단하기 위해 인공지능(AI) 기반의 ‘세이프봇’을 전면 배치했다. 댓글 입력 가능 시간을 제한하는 기능도 더했다.IT 업계에서는 다음이 한때 온라인 공론장의 상징이었던 ‘아고라’로 존재감을 과시했던 만큼, 이번 조치는 소통이라는 본래 강점을 되살려 쇠퇴한 영향력을 복원하려는 시도로 해석하고 있다. 다음은 국내 검색 점유율이 과거 40%대였지만 최근 2%대로 추락했다. ‘챗GPT’ 등 생성형 AI 기반 검색 확산으로 이용자 이탈이 가속되고 있다. 모바일인덱스 기준 지난달 다음의 월간활성이용자(MAU)는 약 664만명으로 집계 이래 최저 수준이다.사업 주체 변화도 배경으로 꼽힌다. 카카오는 5월 다음을 담당하던 콘텐츠 CIC를 분사해 AXZ를 설립했다. 현재 AXZ가 다음 서비스 운영을 맡고 있으며 순차적 영업 양수도가 진행 중이다. 내달 1일부터는 카페·채널 등 주요 서비스의 법적 운영 주체도 카카오에서 AXZ로 넘어간다. 카카오 관계자는 “연내 카카오에서 AXZ로의 모든 영업 양수도가 완료될 계획”이라고 설명했다.다음은 내년부터 국민 포털 위상을 되찾는 데 집중한다는 계획이다. 온라인 공론장 기능 복원은 물론 카페·숏폼 콘텐츠 강화, AI 기능 결합 등을 통해 경쟁력을 키운다는 구상이다. 업계에서는 카카오가 100여개 계열사를 연내 80개로 줄이겠다고 밝힌 만큼, 다음의 체질 개선 이후 매각 가능성도 배제할 수 없다는 관측이 나온다."
38,"""어젯밤 10시부터 줄 섰다""…옷 갈아입은 1020 몰린 '핫플' [현장+]",https://n.news.naver.com/mnews/article/015/0005211209,"코스프레에 오픈런까지 ""동창회 느낌""…10대 꽉 잡은 '지스타'첫 입장 관람객, 전날 밤부터 밤샘 대기10대 관람객들 코스프레 기대하며 방문대학교서 게임 개발학도 단체 방문하기도게임 생태계에 '젊은피' 수혈하는 지스타단순 게임 쇼케이스 넘어 '교류장'으로 확장지스타 2025 개막 첫날인 13일 관람객들이 입장 시간 1시간 30분 전인 오전 9시 30분부터 티켓 수령 줄을 서고 있다. 사진=박수빈 기자""어젯밤 10시30분부터 기다렸어요. 고등학생 때부터 5년째 1등으로 들어가고 있어요.""대학생 김모 씨(21)는 13일 오전 8시45분께 부산 벡스코 제1전시장 '지스타 2025' 티켓 대기줄 맨 앞에서 이 같이 말했다. 국내 최대 규모 게임 전시회 지스타는 관람객이 매년 반복 방문할 정도로 '코어 팬층'을 갖고 있다. 대기줄 맨 앞을 차지한 관람객끼리는 서로 모르는 사이지만 매년 얼굴을 봐 익숙할 정도다.김 씨는 ""매년 만나는 동창회 느낌""이라며 ""지스타를 돌아다니다 보면 국내뿐만 아니라 해외에서도 오는 사람이 있다. 지스타가 게임 진입장벽을 낮춰주는 역할을 하는 것 같다""고 말했다.13일 부산 벡스코에서 2025 지스타 개막식 직후 관람객들이 행사장으로 뛰어 들어가고 있다. 영상=박수빈 기자지스타 코어 팬층은 10대들이 많았다. 좋아하는 게임 캐릭터로 코스프레한 코스어를 여럿 볼 수 있는 축제여서다. 오프라인에서 팬심을 마음껏 발휘할 수 있는 날이기도 하다. 친구들 5명과 함께 경남 창원에서 온 임태한 군(17)은 ""작년에도 지스타에 왔었다. 코스프레한 사람들 보는 게 가장 기대된다""고 말했다. 함께 온 허강민 군(17)은 ""내년에도 올 것 같다. 고3이 되면 수능 끝나고도 올 것 같다""고 말했다.새벽 5시께부터 코스프레를 준비한 10대 관람객도 있었다. 넥슨의 서브컬처 게임 '블루아카이브' 캐릭터 노조미를 코스프레한 하수빈 양(17)은 ""코스프레 하려고 새벽 5시 반부터 준비했다. 학교 가는 금요일 빼고 (지스타 기간 내내) 매일 올 예정""이라고 했다.이들은 넥슨 블루아카이브부터 중국 게임 개발사 뉴버스의 '프로젝트세카이', 애니메이션 체인소맨, 웹소설 '괴담에 떨어져도 출근해야 하는구나' 속 캐릭터까지 지스타를 축제 자체로 즐기는 모습이었다. 지스타가 게임 생태계에 1020 '젊은 피'를 수혈하는 창 역할을 하는 셈이다.왼쪽부터 고등학교 1학년 학생들이 13일 지스타 2025 개막 첫날 부산 벡스코를 찾아 넥슨 서브컬처 게임 블루아카이브 캐릭터 히카리·노조미, 애니메이션 체인소맨의 마키마, 레제, 텐지, 웹소설 '괴담에 떨어져도 출근해야 하는구나' 속 캐릭터 232, 중국 게임 개발사 뉴버스의 '프로젝트세카이'의 호나미를 코스프레했다. 사진=박수빈 기자지스타는 게임 개발학도들의 현장 학습 장소가 되기도 했다. 순천향대 게임학과 학생들은 오전 7시부터 버스를 대절해 부산 벡스코를 찾았다. 인디게임 부스 앞에서 만난 이 대학 게임학과 2학년 박서연 씨(21)는 ""게임을 어떻게 개발하는지 공부하려 1전시관을 대충 보고 2전시관을 찾았다""며 ""학교에서 게임을 개발하는 팀플을 하는 중이라 많이 참고하려 한다""고 말했다.게임 시연 부스 인기는 여전했다. 특히 올해 지스타에서 최대 부스를 차지한 엔씨소프트의 경우 30분 만에 아이온2 시연 부스가 꽉 차 입장을 잠시 마감하기도 했다. 맨 마지막 줄에 있는 관람객은 4시간을 기다려야 할 정도였다. 엔씨소프트 부스 관계자는 ""11시30분에 입장을 마감하고 다시 열었지만 사람이 많이 와 12시30분에 다시 입장을 마감했다""고 말했다.아이온2를 시연한 직장인 박성범 씨(34)는 ""오전부터 왔는데 입장이 마감돼 줄이 적은 곳부터 돌아다니다 오후 1시에 다시 왔다. 한 시간 기다리고 들어갈 수 있었다""고 말했다. 정완효 씨(34)는 ""시연해보니 타격감도 좋고 재미있었다. 출시되면 (플레이)해볼 것 같다""고 했다.13일 오후 12시 40분 경 지스타 2025 엔씨소프트 아이온2 시연 부스에 관람객이 몰려 입장이 잠시 마감됐다. 맨 마지막에 있는 관람객은 4시간을 기다려야 부스 입장이 가능할 정도였다. 사진=박수빈 기자올해 지스타는 44개국 1273개사, 3269부스의 역대 최대 규모로 준비됐다. 특히 반다이남코 엔터테인먼트, 블리자드 엔터테인먼트, 세가·아틀러스 등 해외 게임사도 참여했다. 기업간거래(B2B)관은 지난해보다 네트워킹 라운지가 1.5배 확대됐다. 참여 해외 게임사가 적어 '동네잔치'라는 지적에서 벗어나기 위한 행보다.조영기 지스타 조직위원장은은 개막식 공동 인터뷰에서 ""지스타의 앞으로 핵심 콘텐츠는 '지콘(G-CON)'이라 생각한다""며 ""게임뿐만 아니라 음악. 영화, 웹툰 다양한 분들이 오신다. 해외에서 더 많은 인지도 있는 회사들이 참여할 수 있도록 하는 가장 큰 매개체가 지콘이 되지 않을까 한다""고 덧붙였다. 그는 ""내년에는 더욱 발전해 지콘의 영향력이 B2C, B2B까지 연결될 수 있도록 명실상부한 글로벌 게임쇼로 자리매김할 수 있도록 노력하겠다""고 역설했다.부산=박수빈 한경닷컴 기자 waterbean@hankyung.com"
39,"디즈니+, 한국·일본 제작사에 베팅…“성공 예측 불가, 그래서 파트너십이 핵심”",https://n.news.naver.com/mnews/article/138/0002209539,"[디즈니 프리뷰] “다수 협력 경험이 강점” 제작사·플랫폼·엔터소속사 ‘합종연횡’(오른쪽부터)에릭 슈라이어 월트디즈니컴퍼티(디즈니) 사장과 캐롤 초이 아태지역 통합 마케팅 총괄이 13일(현지시간) 열린 홍콩 디즈니랜드 호텔에서 열린 ‘디즈니+ 오리지널 프리뷰 2025(Disney+ Originals Preview 2025)’ 대담 세션에서 질문을 듣고 있다.[홍콩=오병훈기자] “어떤 것이 성공할지는 아무도 모릅니다. 디즈니에서 투자했지만 성공을 예측하지 못한 작품들이 많습니다. 전략적 결정을 기반으로 리스크를 대신 맡아주는 것이 디즈니+ 협력 체계 핵심입니다.”에릭 슈라이어 월트디즈니컴퍼티(디즈니) 텔레비전 스튜디오 및 글로벌 오리지널 텔레비전 전략 부문 사장은 13일(현지시간) 열린 홍콩 디즈니랜드 호텔에서 열린 ‘디즈니+ 오리지널 프리뷰 2025’ 대담 세션에서 현지화 전략을 묻는 질문에 이같이 말했다.행사는 슈라이어 사장과 캐롤 초이 월트디즈니 컴퍼니 아태지역 통합 마케팅 및 오리지널 콘텐츠 전략 총괄이 사전에 준비된 질문에 답하는 형식으로 진행됐다.이날 디즈니 임원들은 줄곧 ‘파트너십’ 메시지를 강조해왔다. 현지화 지적재산권(IP) 확보는 현지 제작사 및 콘텐츠 플랫폼, 엔터테인먼트 소속사까지 다양한 생태계 현지 기업과 협업하는 것에서 시작한다는 설명이다.이날 오전 행사 시작 연사로 무대에 올랐던 루크 강 아태지역 총괄 사장도 파트너십과 협력을 강조했다. 특히 국내 기업 중 티빙과 파트너십을 직접적으로 언급하며 향후 지속적인 협업 생태계 확장 가능성을 언급했다.슈라이어 사장은 “중요한 것은 각 지역에서 그 지역을 위한 콘텐츠 만드는 것이 중요하다”며 “한국과 일본 제작사에서 큰 성과를 내고 있다”고 말했다.또 “한국 제작사는 다양한 문화권 청중의 공감을 이끌어내는 능력이 있다”며 “일본도 기대 중이며 투자를 지속해 일본 콘텐츠 라인업을 구축하겠다”고 덧붙였다.초이 총괄은 “디즈니가 가지고 있는 협업 강점은 오랜 기간 쌓아온 다양한 형태 파트너십 경험에 있다”며 “현재도 방송사는 물론 콘텐츠 퍼블리셔, 연예 소속사 등과도 다양한 파트너십 구축하고 있다”고 강조했다. 그러면서 “앞으로 APAC 지역 이야기를 발굴해서 더 멋지고 다양한 작품을 선보이고자 한다”고 덧붙였다.이들이 강조하는 협력 핵심은 데이터에 기반한 신뢰다. 디즈니는 다양한 데이터를 기반으로 제작사의 가능성을 분석한다. 데이터가 모든 흥행을 보장해주지 못한다는 것은 디즈니도 잘 알고 있다. 그럼에도 일정 수준 가능성이 보인다면 실패 위험을 디즈니+가 부담하는 방식이다.슈라이어 사장은 “데이터 등 수치적인 부분이 중요한 경우도 있다. 플랫폼에서 작품이 어느 정도 인기를 끌고 있는지 살펴보는 과정도 필요하다”며 “하지만 성공은 아무도 장담할 수 없다. 디즈니+는 이 지점에서 협력사에게 리스크 감수 공간을 부여하는 셈”이라고 강조했다.디즈니의 리스크 감수 전략은 다양한 콘텐츠 형식에 대한 도전으로도 이어질 전망이다. 특정한 콘텐츠 형식에 얽매이지 않고 과감한 숏폼 콘텐츠 미드폼 콘텐츠에도 투자를 이어가겠다는 전략이다.초이 총괄은 “디즈니+ 내에서 콘텐츠를 세로 화면으로 보여주는 방식은 APAC에서 처음으로 시도됐다”며 “다양한 포트폴리오를 확보하기 위한 포멧 테스트도 진행 중”이라고 강조했다.마지막으로 슈라이어 사장은 “APAC 지역은 훌륭한 글로벌 IP를 가지고 있다”며 “제작 과정을 무작정 통제하려는 접근 방법은 맞지 않다. 제작사가 온전히 콘텐츠에 집중할 수 있는 제작환경을 제공하는 것이 디즈니 파트너십 전략 핵심”이라고 말했다."
40,"김재기 S2W ""대기업 협력사가 '해킹 통로'""",https://n.news.naver.com/mnews/article/092/0002398359,"국회 국가미래전략기술포럼서 발표…김용대 교수 ""KT 해킹 사태는 국가 통신망 도청 사건""정부, 공공기관, 대기업 등의 협력사가 해커들의 '해킹 통로'가 되고 있다는 지적이 나왔다. 공공기관이나 대기업 자체적으로 보안을 신경쓰고 있지만, 파트너사가 공격을 받으면 대기업이나 공공기관도 실질적인 위협, 즉 공격 표면이 될 수 있다는 얘기다.최형두 국민의힘 의원과 김한규 더불어민주당 의원이 13일 오전 개최한 국회 국가미래전략기술포럼에서 김재기 S2W 위협인텔리전스센터장은 이같이 진단했다. 이날 포럼 행사는 '위기의 K보안 글로벌 해커 타깃 한국'을 주제로 열렸다.'위기의 K보안 글로벌 해커 타깃 한국'을 주제로 개최된 국회 국가미래전략기술포럼에 참가한 의원 및 관계자들이 기념사진을 찍고 있다.발제자로 나선 김 센터장은 ""대기업 A사만 보안 관리를 해야 되는 것이 아니라 파트너 기업이나 협력업체의 보안도 중요하다""며 ""특정 외주 업체의 침해사고가 국내 대기업 및 공공기관의 정보 유출 문제로 번질 수 있기 때문""이라고 밝혔다.김재기 S2W 위협인텔리전스센터장이 발언하고 있다.김 센터장은 실제 사례로 애플의 예시를 들었다. 그는 ""애플도 신형 맥북의 설계도가 유출된 적 있다""며 ""전 세계 시총 1위를 기록했던 애플은 당연하게도 보안에 무척이나 신경쓰는 기업이다. 그러나 애플이 직접적인 공격을 받지 않았음에도 애플의 맥북을 제조하는 판타 컴퓨터라는 하드웨어 제조 업체가 공격을 받으면서 설계도가 유출되는 치명적인 피해를 입었다""고 설명했다.김 센터장은 이같은 사례가 비단 해외의 경우에 그치지 않는다고 강조했다. 한국의 대기업도 수많은 협력업체를 두고 있기 때문이다.그는 ""대기업, 정부, 기관 모두 자체적으로 보안에 신경을 쓰고 있지만, 파트너사 또는 협력사를 통해 피해가 발생할 수 있는 만큼, 협력사에 대한 보안 강화도 필요한 부분""이라며 ""수탁사나 협력사에 대한 보안 강화를 신경 쓰는 기업은 극히 일부에 불과하다. 대부분 빅테크 수준의 투자가 활성화 돼 있는 기업을 중심으로 진행되는 데 그친다""고 진단했다.발표 중인 김용대 KAIST 전자 및 전자공학부 교수.한편 김용대 한국과학기술원(KAIST) 전기 및 전자공학부 교수도 이날 발제자로 나서 KT 해킹 사건이 '국가기간통신망 도청 사건'이라고 강조했다. 통화 내용은 암호화가 되지 않고, 현재도 펨토셀(초소형 기지국)을 해킹하면 통화 도청이 가능한 상태다.이에 ""김 교수는 일부 공격자들이 현금을 목적으로 소액결제를 시도했으니 세상에 해킹 사태가 밝혀진 것이지, 만약 소액 결제 피해자들이 없었으면 이 사건은 세상에 알려지지 않았을 것""이라고 강조했다.그는 정보통신망법 48조 1항 등 모순적인 한국 제도를 개편해야한다면서, 또 해킹 사실을 은폐하는 것이 아니라 취약점이나 위협 정보를 공유할 수 있는 문화 및 인식, 제도, 인증 등 구조적인 개선이 필요하다고 역설했다."
41,인공태양 유치전 카운트 다운…강점 알리기 주력,https://n.news.naver.com/mnews/article/056/0012065969,"[KBS 광주] [앵커] 꿈의 에너지라 불리는 핵융합 연구시설, 인공태양 연구시설 유치 신청이 오늘(13일) 마감됐습니다. 나주를 비롯해 4곳의 지자체가 도전장을 내밀었는데요. 나주는 입지 조건 등 세 가지 평가 항목에서 앞서고 있다며, 유치에 사활을 걸고 있습니다. 최정민 기자입니다. [리포트] 태양이 에너지를 만드는 원리와 비슷해 인공태양이라 불리는 핵융합 실험. 1그램의 연료로 석유 8톤의 에너지를 얻을 수 있는 청정 에너지원입니다. 정부가 추진하는 인공태양 연구시설에 나주 등 4개 지자체가 뛰어들었습니다. 4곳 모두 50만㎡ 이상의 부지와 4차선 이상 진입로를 갖추고 있는 가운데 나주는 더 많은 장점을 강조하고 있습니다. 우선 핵융합 시설의 첫 번째 조건인 지질 안전성입니다. 나주시가 제안한 인공태양 부지는 에너지국가산단으로 지정된 이곳 왕곡리 일대입니다. 단단한 화강암 지반인데다 지난 20년동안 규모 3.0의 지진이 한차례도 발생하지 않은 안전한 곳으로 꼽히고 있습니다. 또 에너지 특화대학인 한국에너지공과대학에 인공태양 8대 핵심기술 가운데 하나인 초전도 도체 시험설비가 들어설 예정이어서 핵융합 연구기반의 시너지 효과도 기대할 수 있습니다. 특히 나주는 전력공기업과 전력 기업 670여 곳이 밀집해 있어 에너지 산업 생태계가 구축된 점도 장점으로 평가받습니다. 혁신도시가 있어서 교통과 정주 여건도 좋고, 주민 수용성도 상당히 높은 상탭니다. [강상구/나주시 부시장 : ""(연구시설은) 핵심 국가 중요시설입니다. 이런 시설들이 분산 투자 되어야 한다고 생각하고 있고요. (전남이) 다른 시도에 비해 (R&D) 예산 비중이 낮습니다. 그래서 확대 되어야 합니다.""] 과기정통부는 앞으로 일주일 동안 지자체 4곳을 대상으로 현장조사를 벌인 뒤 발표 평가를 거쳐 이달 말 최종 후보지를 발표할 예정입니다. 5년 전 방사광 가속기 유치 실패로 한번 고배를 마신 나주가 이번에는 1조2천억 원 규모의 인공태양 연구시설을 유치로 에너지 수도를 완성할 수 있을 지 주목됩니다. KBS 뉴스 최정민입니다. 촬영기자:이승준"
42,“이러다 완전 망한다!” 너도나도 넷플릭스 타령하더니…‘발칵’ 난리났다,https://n.news.naver.com/mnews/article/016/0002557506,"넷플릭스 오리지널 콘텐츠 ‘다 이루어질지니’의 주연 배우 수지. 사진은 기사 내용과 무관함. [수지 공식 인스타그램 갈무리][헤럴드경제=박혜림 기자] 한국 미디어·콘텐츠 산업이 내수 중심 성장의 한계로 구조적 위기에 직면했다는 위기감이 커지고 있다. 특히 넷플릭스 등 글로벌 온라인동영상서비스(OTT) 의존이 심화되면서, 자칫 K-콘텐츠의 경쟁력인 ‘IP’(지적재산권)를 글로벌 OTT에 모두 빼앗길 수 있다는 우려가 적지 않다.채정화 서강대 ICT법경제연구소 연구교수는 13일 열린 ‘K-콘텐츠 IP 주권 회복과 국가전략:한국판 케데헌을 위한 정책 로드맵’ 토론회에서 “넷플릭스 등 글로벌OTT발 제작비 인플레이션으로 국내 영상콘텐츠 시장이 위축되고 있다”면서 “자금 여력이 충분하지 않은 독립제작사들이 수익안정성을 위해 IP까지 글로벌 OTT에 넘기는 상황”이라고 말했다.콘텐츠 산업에서 IP는 이제 단순한 부가 수익원이 아니라 제작 생태계를 유지하는 핵심 기반으로 떠올랐다. 글로벌 OTT들도 IP 확장을 통해 자체 수익성을 강화하고 있으며, 넷플릭스는 ‘케이팝 데몬 헌터스’를 활용한 다양한 IP 상품 출시를 통해 추가 매출을 노리고 있다.하지만 국내 제작사들은 자본력 부족과 제작 구조 제약 등으로 IP 사업에 난항을 겪고 있다.채 교수는 “콘텐츠 제작의 대형화 등으로 독립제작사들이 자체 자금으로 제작이 어려워졌다”며 “외부 자금조달, 편성, 유통 플랫폼으로의 방영권 판매 등을 통해 제작비를 충당한다”고 설명했다. 상황이 이렇다 보니 울며 겨자먹기 식으로 IP를 넘기는 경우 적지 않다는 것이다. 이에 업계에서는 콘텐츠가 성공을 해도 ‘재주는 국내 제작사가 부리고 돈은 넷플릭스가 번다’는 말이 공공연하게 돌 정도다.넷플릭스 ‘케이팝 데몬 헌터스(케데헌)’. [넷플릭스 제공]실제로 콘텐츠 제작비는 최근 몇 년 간 가파르게 상승해왔다. 글로벌 대표 OTT 넷플릭스의 국내 콘텐츠 회당 제작비는 40억원 안팎에 이를 정도다. 2021년 회당 28억1000만원이던 ‘오징어게임’1의 제작비가 ‘오징어게임2’에선 167억까지 올랐다. 올해 공개된 ‘폭삭 속았수다’의 회당 제작비도 37억5000만원에 달하는 것으로 알려졌다.문제는 넷플릭스 등 글로벌 OTT발 제작비 인플레이션을 국내 OTT, 방송국 등이 쫓아가는 데 한계가 있다는 것이다. 불과 2020년 초만 하더라도 15억원 안팎이던 회당 제작비는 5년새 30억원에 육박하게 됐다. tvN의 ‘별들에게 물어봐’, ‘눈물의 여왕’도 제작비 논란이 무색하게 회당 제작비가 각각 25억원, 35억원으로, 넷플릭스 평균 제작비에 불과한 수준이다. ‘선재업고 튀어’(12억5000만원)처럼 10억원대에 불과한 작품도 적지 않다.설상가상 콘텐츠 공급을 주도하던 방송사들은 제작비 감당을 하지 못해 드라마 편성을 축소하는 추세다. 2012년 한때 드라마 91편을 공급했던 지상파 방송사들은 2023년 32편을 제작하는 데 그쳤다. tvN, 티빙 등 CJ ENM 계열은 같은 해 이보다 더 적은 20편을 제작했다. 콘텐츠 제작비를 부담하는 국내 방송사 등이 투자를 축소하면 제작사들의 글로벌 OTT 의존도 심화될 수밖에 없다.티빙, 웨이브 로고 [각 사 제공]이에 채 교수는 국내 방송사와 PP(프로그램 공급자) 등의 투자 활성화를 위한 제도적 지원이 필요한 시점이라고 역설했다. 채 교수는 “방송사, PP 등이 드라마 편성을 증대할 수 있는 수준의 보조금 및 세제 지원을 고민해봐야 한다”며 “제작편수 확대→수익 증가→재투자 선순환 구조를 마련해야 한다”고 말했다.채 교수는 뿐만 아니라 “정책지원 확대와 민간투자 인센티브 도입, 수익구조 다각화, 신규 투자방식 마련, 투자·지원대상 간 차별적 제도 설계 등 제작 생태계 활성화를 위한 정책금융 혁신이 시급하다”고 덧붙였다.한편 국내 OTT 월간 활성 이용자 수(MAU)는 ▷넷플릭스 1400만 ▷티빙 730만 ▷쿠팡플레이 710만 ▷웨이브 402만 ▷디즈니플러스 260만 순이다."
43,반복 피로를 넘는 새 액션… 넷마블 ‘이블베인’ 개발진의 해법은?,https://n.news.naver.com/mnews/article/005/0001814360,"넷마블몬스터 최동수 기획팀장, 넷마블 이정호 사업본부장. 넷마블 제공“내년 하반기 출시를 목표로 하고 있지만 우리가 만족하는 퀄리티가 나오기 전까지 출시를 미루는 것도 고려하고 있습니다.”이정호 넷마블 사업본부장은 13일 부산 벡스코의 지스타 현장에서 열린 미디어 인터뷰에서 “유저 반응을 보며 계속 고도화하겠다”면서 이같이 밝혔다.넷마블 산하 넷마블몬스터에서 개발 중인 신작 ‘이블베인’은 인기작 ‘레이븐’ 세계관을 확장한 액션 중심 협동 게임이다.비주얼과 전투 완성도에 대해 최동수 기획팀장은 “그래픽·사운드 등 시각적 요소는 앞으로도 꾸준히 개선하고 최적화를 이어갈 것”이라고 밝혔다.또한 협력 요소 비중을 묻는 질문에는 “현재는 개발 초기라 모든 협력 콘텐츠가 구현된 상태는 아니다”며 “프리 알파 테스트는 기본 전투 피드백이 목적이었고, 이후 테스트에서 협력을 강화할 것”이라고 설명했다.이 본부장은 “레이븐은 넷마블의 소중한 IP”라면서 “이블베인은 그 본연의 액션성을 살린 협동 게임을 만들어 보자는 취지에서 시작됐다”고 말했다.최 팀장은 레퍼런스에 대해 “여러 액션 게임과 협력 PvE 타이틀, 그리고 소울라이크의 타격감과 타이밍 요소도 참고했다”고 언급했다.또한 “보상만을 위한 반복은 피로감을 줄 수 있다”며 “매 판마다 새로운 도전 요소가 생기고 같은 보상이라도 다른 플레이 경험을 유지할 수 있는 방식을 적용하고 있다”고 밝혔다.근·원거리 무기 조합에 대해선 “우리가 추구하는 핵심 키워드는 난전”이라며 “유저가 자유롭게 무기와 스킬을 조합하며 자신만의 클래스를 만드는 방향”이라고 설명했다.최 팀장은 협력 매칭의 조합 문제에 대해 “초기에는 전투 재미를 우선 지원하고, 공략형 콘텐츠에서는 유저 스스로 협력 클래스를 선택하도록 할 것”이라며 “협력 능력은 중후반부에 해금되는 구조를 지향한다”고 전했다. 이 본부장은 “대기 화면에서 동료의 무기·스킬을 확인해 세팅 조율이 가능하게 할 것”이라고 보탰다.이 본부장은 “넷마블은 모바일 이미지가 강하지만 PC에서 출발한 회사”라며 “콘솔에서는 테스트 기반 접근으로 유저 반응을 직접 반영하겠다”고 밝혔다. 또한 성장 시스템은 “높은 자유도를 제공해 원하는 클래스를 먼저 성장시키고 이후 다른 클래스로 확장하는 구조”라고 설명했다.최 팀장은 엔드 콘텐츠 방향에 대해 “전쟁 자체가 엔드 콘텐츠가 될 것”이라며 “지속적인 긴장감 속에서 새로운 변수를 제공해 플레이 경험을 확장할 것”이라고 말했다.수익화 전략은 아직 정해지지 않았다. 이 본부장은 “매출 목표를 먼저 잡으면 게임 정체성이 흔들린다”고 선을 그었다.그는 “IP는 유저들과 함께 만들어가는 것”이라며 “프리 알파 테스트도 코어 팬층을 형성하기 위한 접근이었다”고 강조했다.마지막으로 이 본부장은 “한국 유저 의견을 듣고 싶다. 쓴소리를 많이 남겨달라”고 했고 최 팀장은 “유저와 함께 게임을 만들어가는 환경을 만들겠다”고 말했다."
